--
-- PostgreSQL database dump
--

-- Dumped from database version 14.18 (Ubuntu 14.18-0ubuntu0.22.04.1)
-- Dumped by pg_dump version 14.18 (Ubuntu 14.18-0ubuntu0.22.04.1)

SET statement_timeout = 0;
SET lock_timeout = 0;
SET idle_in_transaction_session_timeout = 0;
SET client_encoding = 'UTF8';
SET standard_conforming_strings = on;
SELECT pg_catalog.set_config('search_path', '', false);
SET check_function_bodies = false;
SET xmloption = content;
SET client_min_messages = warning;
SET row_security = off;

SET default_tablespace = '';

SET default_table_access_method = heap;

--
-- Name: auth_group; Type: TABLE; Schema: public; Owner: postgres
--

CREATE TABLE public.auth_group (
    id integer NOT NULL,
    name character varying(150) NOT NULL
);


ALTER TABLE public.auth_group OWNER TO postgres;

--
-- Name: auth_group_id_seq; Type: SEQUENCE; Schema: public; Owner: postgres
--

ALTER TABLE public.auth_group ALTER COLUMN id ADD GENERATED BY DEFAULT AS IDENTITY (
    SEQUENCE NAME public.auth_group_id_seq
    START WITH 1
    INCREMENT BY 1
    NO MINVALUE
    NO MAXVALUE
    CACHE 1
);


--
-- Name: auth_group_permissions; Type: TABLE; Schema: public; Owner: postgres
--

CREATE TABLE public.auth_group_permissions (
    id bigint NOT NULL,
    group_id integer NOT NULL,
    permission_id integer NOT NULL
);


ALTER TABLE public.auth_group_permissions OWNER TO postgres;

--
-- Name: auth_group_permissions_id_seq; Type: SEQUENCE; Schema: public; Owner: postgres
--

ALTER TABLE public.auth_group_permissions ALTER COLUMN id ADD GENERATED BY DEFAULT AS IDENTITY (
    SEQUENCE NAME public.auth_group_permissions_id_seq
    START WITH 1
    INCREMENT BY 1
    NO MINVALUE
    NO MAXVALUE
    CACHE 1
);


--
-- Name: auth_permission; Type: TABLE; Schema: public; Owner: postgres
--

CREATE TABLE public.auth_permission (
    id integer NOT NULL,
    name character varying(255) NOT NULL,
    content_type_id integer NOT NULL,
    codename character varying(100) NOT NULL
);


ALTER TABLE public.auth_permission OWNER TO postgres;

--
-- Name: auth_permission_id_seq; Type: SEQUENCE; Schema: public; Owner: postgres
--

ALTER TABLE public.auth_permission ALTER COLUMN id ADD GENERATED BY DEFAULT AS IDENTITY (
    SEQUENCE NAME public.auth_permission_id_seq
    START WITH 1
    INCREMENT BY 1
    NO MINVALUE
    NO MAXVALUE
    CACHE 1
);


--
-- Name: authtoken_token; Type: TABLE; Schema: public; Owner: postgres
--

CREATE TABLE public.authtoken_token (
    key character varying(40) NOT NULL,
    created timestamp with time zone NOT NULL,
    user_id bigint NOT NULL
);


ALTER TABLE public.authtoken_token OWNER TO postgres;

--
-- Name: branches_branch; Type: TABLE; Schema: public; Owner: postgres
--

CREATE TABLE public.branches_branch (
    id bigint NOT NULL,
    name character varying(100) NOT NULL,
    city character varying(100),
    subcity character varying(100),
    wereda character varying(100),
    location character varying(255)
);


ALTER TABLE public.branches_branch OWNER TO postgres;

--
-- Name: branches_branch_id_seq; Type: SEQUENCE; Schema: public; Owner: postgres
--

ALTER TABLE public.branches_branch ALTER COLUMN id ADD GENERATED BY DEFAULT AS IDENTITY (
    SEQUENCE NAME public.branches_branch_id_seq
    START WITH 1
    INCREMENT BY 1
    NO MINVALUE
    NO MAXVALUE
    CACHE 1
);


--
-- Name: branches_table; Type: TABLE; Schema: public; Owner: postgres
--

CREATE TABLE public.branches_table (
    id bigint NOT NULL,
    number integer NOT NULL,
    seats integer NOT NULL,
    status character varying(20) NOT NULL,
    branch_id bigint NOT NULL,
    created_by_id bigint,
    current_order_id bigint,
    last_status_update timestamp with time zone NOT NULL,
    CONSTRAINT branches_table_number_check CHECK ((number >= 0)),
    CONSTRAINT branches_table_seats_check CHECK ((seats >= 0))
);


ALTER TABLE public.branches_table OWNER TO postgres;

--
-- Name: branches_table_id_seq; Type: SEQUENCE; Schema: public; Owner: postgres
--

ALTER TABLE public.branches_table ALTER COLUMN id ADD GENERATED BY DEFAULT AS IDENTITY (
    SEQUENCE NAME public.branches_table_id_seq
    START WITH 1
    INCREMENT BY 1
    NO MINVALUE
    NO MAXVALUE
    CACHE 1
);


--
-- Name: core_branch; Type: TABLE; Schema: public; Owner: postgres
--

CREATE TABLE public.core_branch (
    id bigint NOT NULL,
    name character varying(100) NOT NULL,
    location character varying(200) NOT NULL,
    phone character varying(20) NOT NULL,
    is_active boolean NOT NULL
);


ALTER TABLE public.core_branch OWNER TO postgres;

--
-- Name: core_branch_id_seq; Type: SEQUENCE; Schema: public; Owner: postgres
--

ALTER TABLE public.core_branch ALTER COLUMN id ADD GENERATED BY DEFAULT AS IDENTITY (
    SEQUENCE NAME public.core_branch_id_seq
    START WITH 1
    INCREMENT BY 1
    NO MINVALUE
    NO MAXVALUE
    CACHE 1
);


--
-- Name: django_admin_log; Type: TABLE; Schema: public; Owner: postgres
--

CREATE TABLE public.django_admin_log (
    id integer NOT NULL,
    action_time timestamp with time zone NOT NULL,
    object_id text,
    object_repr character varying(200) NOT NULL,
    action_flag smallint NOT NULL,
    change_message text NOT NULL,
    content_type_id integer,
    user_id bigint NOT NULL,
    CONSTRAINT django_admin_log_action_flag_check CHECK ((action_flag >= 0))
);


ALTER TABLE public.django_admin_log OWNER TO postgres;

--
-- Name: django_admin_log_id_seq; Type: SEQUENCE; Schema: public; Owner: postgres
--

ALTER TABLE public.django_admin_log ALTER COLUMN id ADD GENERATED BY DEFAULT AS IDENTITY (
    SEQUENCE NAME public.django_admin_log_id_seq
    START WITH 1
    INCREMENT BY 1
    NO MINVALUE
    NO MAXVALUE
    CACHE 1
);


--
-- Name: django_content_type; Type: TABLE; Schema: public; Owner: postgres
--

CREATE TABLE public.django_content_type (
    id integer NOT NULL,
    app_label character varying(100) NOT NULL,
    model character varying(100) NOT NULL
);


ALTER TABLE public.django_content_type OWNER TO postgres;

--
-- Name: django_content_type_id_seq; Type: SEQUENCE; Schema: public; Owner: postgres
--

ALTER TABLE public.django_content_type ALTER COLUMN id ADD GENERATED BY DEFAULT AS IDENTITY (
    SEQUENCE NAME public.django_content_type_id_seq
    START WITH 1
    INCREMENT BY 1
    NO MINVALUE
    NO MAXVALUE
    CACHE 1
);


--
-- Name: django_migrations; Type: TABLE; Schema: public; Owner: postgres
--

CREATE TABLE public.django_migrations (
    id bigint NOT NULL,
    app character varying(255) NOT NULL,
    name character varying(255) NOT NULL,
    applied timestamp with time zone NOT NULL
);


ALTER TABLE public.django_migrations OWNER TO postgres;

--
-- Name: django_migrations_id_seq; Type: SEQUENCE; Schema: public; Owner: postgres
--

ALTER TABLE public.django_migrations ALTER COLUMN id ADD GENERATED BY DEFAULT AS IDENTITY (
    SEQUENCE NAME public.django_migrations_id_seq
    START WITH 1
    INCREMENT BY 1
    NO MINVALUE
    NO MAXVALUE
    CACHE 1
);


--
-- Name: django_session; Type: TABLE; Schema: public; Owner: postgres
--

CREATE TABLE public.django_session (
    session_key character varying(40) NOT NULL,
    session_data text NOT NULL,
    expire_date timestamp with time zone NOT NULL
);


ALTER TABLE public.django_session OWNER TO postgres;

--
-- Name: inventory_auditlog; Type: TABLE; Schema: public; Owner: postgres
--

CREATE TABLE public.inventory_auditlog (
    id bigint NOT NULL,
    "timestamp" timestamp with time zone NOT NULL,
    action character varying(50) NOT NULL,
    object_id integer,
    details jsonb,
    notes text,
    content_type_id integer,
    user_id bigint,
    CONSTRAINT inventory_auditlog_object_id_check CHECK ((object_id >= 0))
);


ALTER TABLE public.inventory_auditlog OWNER TO postgres;

--
-- Name: inventory_auditlog_id_seq; Type: SEQUENCE; Schema: public; Owner: postgres
--

ALTER TABLE public.inventory_auditlog ALTER COLUMN id ADD GENERATED BY DEFAULT AS IDENTITY (
    SEQUENCE NAME public.inventory_auditlog_id_seq
    START WITH 1
    INCREMENT BY 1
    NO MINVALUE
    NO MAXVALUE
    CACHE 1
);


--
-- Name: inventory_barmanstock; Type: TABLE; Schema: public; Owner: postgres
--

CREATE TABLE public.inventory_barmanstock (
    id bigint NOT NULL,
    quantity_in_base_units numeric(10,2) NOT NULL,
    minimum_threshold_base_units numeric(10,2) NOT NULL,
    running_out boolean NOT NULL,
    last_stock_update timestamp with time zone NOT NULL,
    original_quantity numeric(10,2),
    bartender_id bigint NOT NULL,
    branch_id bigint,
    original_unit_id bigint,
    stock_id bigint NOT NULL
);


ALTER TABLE public.inventory_barmanstock OWNER TO postgres;

--
-- Name: inventory_barmanstock_id_seq; Type: SEQUENCE; Schema: public; Owner: postgres
--

ALTER TABLE public.inventory_barmanstock ALTER COLUMN id ADD GENERATED BY DEFAULT AS IDENTITY (
    SEQUENCE NAME public.inventory_barmanstock_id_seq
    START WITH 1
    INCREMENT BY 1
    NO MINVALUE
    NO MAXVALUE
    CACHE 1
);


--
-- Name: inventory_category; Type: TABLE; Schema: public; Owner: postgres
--

CREATE TABLE public.inventory_category (
    id bigint NOT NULL,
    category_name character varying(50) NOT NULL,
    description text,
    created_at timestamp with time zone NOT NULL,
    updated_at timestamp with time zone NOT NULL,
    item_type_id bigint NOT NULL
);


ALTER TABLE public.inventory_category OWNER TO postgres;

--
-- Name: inventory_category_id_seq; Type: SEQUENCE; Schema: public; Owner: postgres
--

ALTER TABLE public.inventory_category ALTER COLUMN id ADD GENERATED BY DEFAULT AS IDENTITY (
    SEQUENCE NAME public.inventory_category_id_seq
    START WITH 1
    INCREMENT BY 1
    NO MINVALUE
    NO MAXVALUE
    CACHE 1
);


--
-- Name: inventory_inventoryrequest; Type: TABLE; Schema: public; Owner: postgres
--

CREATE TABLE public.inventory_inventoryrequest (
    id bigint NOT NULL,
    quantity numeric(10,2) NOT NULL,
    status character varying(10) NOT NULL,
    reached_status boolean NOT NULL,
    created_at timestamp with time zone NOT NULL,
    responded_at timestamp with time zone,
    notes text,
    branch_id bigint NOT NULL,
    requested_by_id bigint,
    responded_by_id bigint,
    product_id bigint NOT NULL,
    request_unit_id bigint NOT NULL
);


ALTER TABLE public.inventory_inventoryrequest OWNER TO postgres;

--
-- Name: inventory_inventoryrequest_id_seq; Type: SEQUENCE; Schema: public; Owner: postgres
--

ALTER TABLE public.inventory_inventoryrequest ALTER COLUMN id ADD GENERATED BY DEFAULT AS IDENTITY (
    SEQUENCE NAME public.inventory_inventoryrequest_id_seq
    START WITH 1
    INCREMENT BY 1
    NO MINVALUE
    NO MAXVALUE
    CACHE 1
);


--
-- Name: inventory_inventorytransaction; Type: TABLE; Schema: public; Owner: postgres
--

CREATE TABLE public.inventory_inventorytransaction (
    id bigint NOT NULL,
    transaction_type character varying(20) NOT NULL,
    quantity numeric(10,2) NOT NULL,
    quantity_in_base_units numeric(10,2) NOT NULL,
    transaction_date timestamp with time zone NOT NULL,
    price_at_transaction numeric(10,2),
    notes text,
    branch_id bigint NOT NULL,
    from_stock_barman_id bigint,
    initiated_by_id bigint,
    to_stock_barman_id bigint,
    product_id bigint NOT NULL,
    transaction_unit_id bigint NOT NULL,
    from_stock_main_id bigint,
    to_stock_main_id bigint
);


ALTER TABLE public.inventory_inventorytransaction OWNER TO postgres;

--
-- Name: inventory_inventorytransaction_id_seq; Type: SEQUENCE; Schema: public; Owner: postgres
--

ALTER TABLE public.inventory_inventorytransaction ALTER COLUMN id ADD GENERATED BY DEFAULT AS IDENTITY (
    SEQUENCE NAME public.inventory_inventorytransaction_id_seq
    START WITH 1
    INCREMENT BY 1
    NO MINVALUE
    NO MAXVALUE
    CACHE 1
);


--
-- Name: inventory_itemtype; Type: TABLE; Schema: public; Owner: postgres
--

CREATE TABLE public.inventory_itemtype (
    id bigint NOT NULL,
    type_name character varying(50) NOT NULL,
    created_at timestamp with time zone NOT NULL,
    updated_at timestamp with time zone NOT NULL
);


ALTER TABLE public.inventory_itemtype OWNER TO postgres;

--
-- Name: inventory_itemtype_id_seq; Type: SEQUENCE; Schema: public; Owner: postgres
--

ALTER TABLE public.inventory_itemtype ALTER COLUMN id ADD GENERATED BY DEFAULT AS IDENTITY (
    SEQUENCE NAME public.inventory_itemtype_id_seq
    START WITH 1
    INCREMENT BY 1
    NO MINVALUE
    NO MAXVALUE
    CACHE 1
);


--
-- Name: inventory_product; Type: TABLE; Schema: public; Owner: postgres
--

CREATE TABLE public.inventory_product (
    id bigint NOT NULL,
    name character varying(100) NOT NULL,
    description text,
    base_unit_price numeric(10,2),
    volume_per_base_unit_ml numeric(10,2),
    receipt_image character varying(100),
    is_active boolean NOT NULL,
    created_at timestamp with time zone NOT NULL,
    updated_at timestamp with time zone NOT NULL,
    category_id bigint,
    base_unit_id bigint
);


ALTER TABLE public.inventory_product OWNER TO postgres;

--
-- Name: inventory_product_id_seq; Type: SEQUENCE; Schema: public; Owner: postgres
--

ALTER TABLE public.inventory_product ALTER COLUMN id ADD GENERATED BY DEFAULT AS IDENTITY (
    SEQUENCE NAME public.inventory_product_id_seq
    START WITH 1
    INCREMENT BY 1
    NO MINVALUE
    NO MAXVALUE
    CACHE 1
);


--
-- Name: inventory_productmeasurement; Type: TABLE; Schema: public; Owner: postgres
--

CREATE TABLE public.inventory_productmeasurement (
    id bigint NOT NULL,
    amount_per numeric(10,4) NOT NULL,
    is_default_sales_unit boolean NOT NULL,
    created_at timestamp with time zone NOT NULL,
    updated_at timestamp with time zone NOT NULL,
    product_id bigint NOT NULL,
    from_unit_id bigint NOT NULL,
    to_unit_id bigint NOT NULL
);


ALTER TABLE public.inventory_productmeasurement OWNER TO postgres;

--
-- Name: inventory_productmeasurement_id_seq; Type: SEQUENCE; Schema: public; Owner: postgres
--

ALTER TABLE public.inventory_productmeasurement ALTER COLUMN id ADD GENERATED BY DEFAULT AS IDENTITY (
    SEQUENCE NAME public.inventory_productmeasurement_id_seq
    START WITH 1
    INCREMENT BY 1
    NO MINVALUE
    NO MAXVALUE
    CACHE 1
);


--
-- Name: inventory_productunit; Type: TABLE; Schema: public; Owner: postgres
--

CREATE TABLE public.inventory_productunit (
    id bigint NOT NULL,
    unit_name character varying(50) NOT NULL,
    abbreviation character varying(10),
    is_liquid_unit boolean NOT NULL,
    created_at timestamp with time zone NOT NULL,
    updated_at timestamp with time zone NOT NULL
);


ALTER TABLE public.inventory_productunit OWNER TO postgres;

--
-- Name: inventory_productunit_id_seq; Type: SEQUENCE; Schema: public; Owner: postgres
--

ALTER TABLE public.inventory_productunit ALTER COLUMN id ADD GENERATED BY DEFAULT AS IDENTITY (
    SEQUENCE NAME public.inventory_productunit_id_seq
    START WITH 1
    INCREMENT BY 1
    NO MINVALUE
    NO MAXVALUE
    CACHE 1
);


--
-- Name: inventory_stock; Type: TABLE; Schema: public; Owner: postgres
--

CREATE TABLE public.inventory_stock (
    id bigint NOT NULL,
    quantity_in_base_units numeric(10,2) NOT NULL,
    minimum_threshold_base_units numeric(10,2) NOT NULL,
    running_out boolean NOT NULL,
    last_stock_update timestamp with time zone NOT NULL,
    original_quantity numeric(10,2) NOT NULL,
    branch_id bigint NOT NULL,
    original_unit_id bigint,
    product_id bigint NOT NULL
);


ALTER TABLE public.inventory_stock OWNER TO postgres;

--
-- Name: inventory_stock_id_seq; Type: SEQUENCE; Schema: public; Owner: postgres
--

ALTER TABLE public.inventory_stock ALTER COLUMN id ADD GENERATED BY DEFAULT AS IDENTITY (
    SEQUENCE NAME public.inventory_stock_id_seq
    START WITH 1
    INCREMENT BY 1
    NO MINVALUE
    NO MAXVALUE
    CACHE 1
);


--
-- Name: item_type; Type: TABLE; Schema: public; Owner: postgres
--

CREATE TABLE public.item_type (
    id bigint NOT NULL,
    type_name character varying(50) NOT NULL,
    category character varying(20) NOT NULL
);


ALTER TABLE public.item_type OWNER TO postgres;

--
-- Name: item_type_id_seq; Type: SEQUENCE; Schema: public; Owner: postgres
--

ALTER TABLE public.item_type ALTER COLUMN id ADD GENERATED BY DEFAULT AS IDENTITY (
    SEQUENCE NAME public.item_type_id_seq
    START WITH 1
    INCREMENT BY 1
    NO MINVALUE
    NO MAXVALUE
    CACHE 1
);


--
-- Name: menu_menu; Type: TABLE; Schema: public; Owner: postgres
--

CREATE TABLE public.menu_menu (
    id bigint NOT NULL,
    name character varying(100) NOT NULL,
    is_active boolean NOT NULL,
    created_at timestamp with time zone NOT NULL,
    updated_at timestamp with time zone NOT NULL
);


ALTER TABLE public.menu_menu OWNER TO postgres;

--
-- Name: menu_menu_id_seq; Type: SEQUENCE; Schema: public; Owner: postgres
--

ALTER TABLE public.menu_menu ALTER COLUMN id ADD GENERATED BY DEFAULT AS IDENTITY (
    SEQUENCE NAME public.menu_menu_id_seq
    START WITH 1
    INCREMENT BY 1
    NO MINVALUE
    NO MAXVALUE
    CACHE 1
);


--
-- Name: menu_menu_items; Type: TABLE; Schema: public; Owner: postgres
--

CREATE TABLE public.menu_menu_items (
    id bigint NOT NULL,
    menu_id bigint NOT NULL,
    menuitem_id bigint NOT NULL
);


ALTER TABLE public.menu_menu_items OWNER TO postgres;

--
-- Name: menu_menu_items_id_seq; Type: SEQUENCE; Schema: public; Owner: postgres
--

ALTER TABLE public.menu_menu_items ALTER COLUMN id ADD GENERATED BY DEFAULT AS IDENTITY (
    SEQUENCE NAME public.menu_menu_items_id_seq
    START WITH 1
    INCREMENT BY 1
    NO MINVALUE
    NO MAXVALUE
    CACHE 1
);


--
-- Name: menu_menucategory; Type: TABLE; Schema: public; Owner: postgres
--

CREATE TABLE public.menu_menucategory (
    id bigint NOT NULL,
    name character varying(100) NOT NULL
);


ALTER TABLE public.menu_menucategory OWNER TO postgres;

--
-- Name: menu_menucategory_id_seq; Type: SEQUENCE; Schema: public; Owner: postgres
--

ALTER TABLE public.menu_menucategory ALTER COLUMN id ADD GENERATED BY DEFAULT AS IDENTITY (
    SEQUENCE NAME public.menu_menucategory_id_seq
    START WITH 1
    INCREMENT BY 1
    NO MINVALUE
    NO MAXVALUE
    CACHE 1
);


--
-- Name: menu_menuitem; Type: TABLE; Schema: public; Owner: postgres
--

CREATE TABLE public.menu_menuitem (
    id bigint NOT NULL,
    name character varying(100),
    description text NOT NULL,
    price numeric(8,2) NOT NULL,
    item_type character varying(50) NOT NULL,
    is_available boolean NOT NULL,
    created_at timestamp with time zone NOT NULL,
    updated_at timestamp with time zone NOT NULL,
    category_id bigint NOT NULL,
    product_id bigint
);


ALTER TABLE public.menu_menuitem OWNER TO postgres;

--
-- Name: menu_menuitem_id_seq; Type: SEQUENCE; Schema: public; Owner: postgres
--

ALTER TABLE public.menu_menuitem ALTER COLUMN id ADD GENERATED BY DEFAULT AS IDENTITY (
    SEQUENCE NAME public.menu_menuitem_id_seq
    START WITH 1
    INCREMENT BY 1
    NO MINVALUE
    NO MAXVALUE
    CACHE 1
);


--
-- Name: menu_menusection; Type: TABLE; Schema: public; Owner: postgres
--

CREATE TABLE public.menu_menusection (
    id bigint NOT NULL,
    name character varying(100) NOT NULL,
    created_at timestamp with time zone NOT NULL,
    updated_at timestamp with time zone NOT NULL,
    menu_id bigint NOT NULL
);


ALTER TABLE public.menu_menusection OWNER TO postgres;

--
-- Name: menu_menusection_id_seq; Type: SEQUENCE; Schema: public; Owner: postgres
--

ALTER TABLE public.menu_menusection ALTER COLUMN id ADD GENERATED BY DEFAULT AS IDENTITY (
    SEQUENCE NAME public.menu_menusection_id_seq
    START WITH 1
    INCREMENT BY 1
    NO MINVALUE
    NO MAXVALUE
    CACHE 1
);


--
-- Name: orders_order; Type: TABLE; Schema: public; Owner: postgres
--

CREATE TABLE public.orders_order (
    id bigint NOT NULL,
    order_number character varying(255) NOT NULL,
    food_status character varying(50) NOT NULL,
    beverage_status character varying(20) NOT NULL,
    created_at timestamp with time zone NOT NULL,
    updated_at timestamp with time zone NOT NULL,
    total_money numeric(10,2),
    waiter_notified_beverage character varying(50),
    cashier_status character varying(20) NOT NULL,
    payment_option character varying(20),
    assigned_to_id bigint,
    branch_id bigint NOT NULL,
    created_by_id bigint,
    table_id bigint,
    receipt_image character varying(100)
);


ALTER TABLE public.orders_order OWNER TO postgres;

--
-- Name: orders_order_id_seq; Type: SEQUENCE; Schema: public; Owner: postgres
--

ALTER TABLE public.orders_order ALTER COLUMN id ADD GENERATED BY DEFAULT AS IDENTITY (
    SEQUENCE NAME public.orders_order_id_seq
    START WITH 1
    INCREMENT BY 1
    NO MINVALUE
    NO MAXVALUE
    CACHE 1
);


--
-- Name: orders_orderitem; Type: TABLE; Schema: public; Owner: postgres
--

CREATE TABLE public.orders_orderitem (
    id bigint NOT NULL,
    name character varying(100) NOT NULL,
    quantity integer NOT NULL,
    price numeric(8,2) NOT NULL,
    item_type character varying(20) NOT NULL,
    status character varying(20) NOT NULL,
    order_id bigint NOT NULL,
    product_id bigint,
    CONSTRAINT orders_orderitem_quantity_check CHECK ((quantity >= 0))
);


ALTER TABLE public.orders_orderitem OWNER TO postgres;

--
-- Name: orders_orderitem_id_seq; Type: SEQUENCE; Schema: public; Owner: postgres
--

ALTER TABLE public.orders_orderitem ALTER COLUMN id ADD GENERATED BY DEFAULT AS IDENTITY (
    SEQUENCE NAME public.orders_orderitem_id_seq
    START WITH 1
    INCREMENT BY 1
    NO MINVALUE
    NO MAXVALUE
    CACHE 1
);


--
-- Name: orders_orderupdate; Type: TABLE; Schema: public; Owner: postgres
--

CREATE TABLE public.orders_orderupdate (
    id bigint NOT NULL,
    update_type character varying(20) NOT NULL,
    status character varying(20) NOT NULL,
    items_changes jsonb NOT NULL,
    created_at timestamp with time zone NOT NULL,
    processed_at timestamp with time zone,
    notes text NOT NULL,
    rejection_reason text NOT NULL,
    total_addition_cost numeric(10,2) NOT NULL,
    created_by_id bigint,
    original_order_id bigint NOT NULL,
    processed_by_id bigint
);


ALTER TABLE public.orders_orderupdate OWNER TO postgres;

--
-- Name: orders_orderupdate_id_seq; Type: SEQUENCE; Schema: public; Owner: postgres
--

ALTER TABLE public.orders_orderupdate ALTER COLUMN id ADD GENERATED BY DEFAULT AS IDENTITY (
    SEQUENCE NAME public.orders_orderupdate_id_seq
    START WITH 1
    INCREMENT BY 1
    NO MINVALUE
    NO MAXVALUE
    CACHE 1
);


--
-- Name: payments_income; Type: TABLE; Schema: public; Owner: postgres
--

CREATE TABLE public.payments_income (
    id bigint NOT NULL,
    date date NOT NULL,
    amount numeric(10,2) NOT NULL,
    branch_id bigint,
    cashier_id bigint,
    payment_id bigint NOT NULL
);


ALTER TABLE public.payments_income OWNER TO postgres;

--
-- Name: payments_income_id_seq; Type: SEQUENCE; Schema: public; Owner: postgres
--

ALTER TABLE public.payments_income ALTER COLUMN id ADD GENERATED BY DEFAULT AS IDENTITY (
    SEQUENCE NAME public.payments_income_id_seq
    START WITH 1
    INCREMENT BY 1
    NO MINVALUE
    NO MAXVALUE
    CACHE 1
);


--
-- Name: payments_payment; Type: TABLE; Schema: public; Owner: postgres
--

CREATE TABLE public.payments_payment (
    id bigint NOT NULL,
    payment_method character varying(20) NOT NULL,
    amount numeric(10,2) NOT NULL,
    processed_at timestamp with time zone NOT NULL,
    is_completed boolean NOT NULL,
    order_id bigint NOT NULL,
    processed_by_id bigint
);


ALTER TABLE public.payments_payment OWNER TO postgres;

--
-- Name: payments_payment_id_seq; Type: SEQUENCE; Schema: public; Owner: postgres
--

ALTER TABLE public.payments_payment ALTER COLUMN id ADD GENERATED BY DEFAULT AS IDENTITY (
    SEQUENCE NAME public.payments_payment_id_seq
    START WITH 1
    INCREMENT BY 1
    NO MINVALUE
    NO MAXVALUE
    CACHE 1
);


--
-- Name: product; Type: TABLE; Schema: public; Owner: postgres
--

CREATE TABLE public.product (
    id bigint NOT NULL,
    name character varying(100) NOT NULL,
    category character varying(20) NOT NULL,
    unit character varying(20) NOT NULL,
    price_per_unit numeric(10,2) NOT NULL,
    stock_qty numeric(10,2) NOT NULL,
    branch_id integer NOT NULL,
    is_active boolean NOT NULL,
    created_at timestamp with time zone NOT NULL,
    expiration_date timestamp with time zone NOT NULL,
    type_id bigint NOT NULL
);


ALTER TABLE public.product OWNER TO postgres;

--
-- Name: product_id_seq; Type: SEQUENCE; Schema: public; Owner: postgres
--

ALTER TABLE public.product ALTER COLUMN id ADD GENERATED BY DEFAULT AS IDENTITY (
    SEQUENCE NAME public.product_id_seq
    START WITH 1
    INCREMENT BY 1
    NO MINVALUE
    NO MAXVALUE
    CACHE 1
);


--
-- Name: users_user; Type: TABLE; Schema: public; Owner: postgres
--

CREATE TABLE public.users_user (
    id bigint NOT NULL,
    password character varying(128) NOT NULL,
    last_login timestamp with time zone,
    is_superuser boolean NOT NULL,
    username character varying(150) NOT NULL,
    first_name character varying(150) NOT NULL,
    last_name character varying(150) NOT NULL,
    email character varying(254) NOT NULL,
    is_staff boolean NOT NULL,
    is_active boolean NOT NULL,
    date_joined timestamp with time zone NOT NULL,
    phone_number character varying(15),
    role character varying(20) NOT NULL,
    updated_at timestamp with time zone NOT NULL,
    branch_id bigint
);


ALTER TABLE public.users_user OWNER TO postgres;

--
-- Name: users_user_groups; Type: TABLE; Schema: public; Owner: postgres
--

CREATE TABLE public.users_user_groups (
    id bigint NOT NULL,
    user_id bigint NOT NULL,
    group_id integer NOT NULL
);


ALTER TABLE public.users_user_groups OWNER TO postgres;

--
-- Name: users_user_groups_id_seq; Type: SEQUENCE; Schema: public; Owner: postgres
--

ALTER TABLE public.users_user_groups ALTER COLUMN id ADD GENERATED BY DEFAULT AS IDENTITY (
    SEQUENCE NAME public.users_user_groups_id_seq
    START WITH 1
    INCREMENT BY 1
    NO MINVALUE
    NO MAXVALUE
    CACHE 1
);


--
-- Name: users_user_id_seq; Type: SEQUENCE; Schema: public; Owner: postgres
--

ALTER TABLE public.users_user ALTER COLUMN id ADD GENERATED BY DEFAULT AS IDENTITY (
    SEQUENCE NAME public.users_user_id_seq
    START WITH 1
    INCREMENT BY 1
    NO MINVALUE
    NO MAXVALUE
    CACHE 1
);


--
-- Name: users_user_user_permissions; Type: TABLE; Schema: public; Owner: postgres
--

CREATE TABLE public.users_user_user_permissions (
    id bigint NOT NULL,
    user_id bigint NOT NULL,
    permission_id integer NOT NULL
);


ALTER TABLE public.users_user_user_permissions OWNER TO postgres;

--
-- Name: users_user_user_permissions_id_seq; Type: SEQUENCE; Schema: public; Owner: postgres
--

ALTER TABLE public.users_user_user_permissions ALTER COLUMN id ADD GENERATED BY DEFAULT AS IDENTITY (
    SEQUENCE NAME public.users_user_user_permissions_id_seq
    START WITH 1
    INCREMENT BY 1
    NO MINVALUE
    NO MAXVALUE
    CACHE 1
);


--
-- Data for Name: auth_group; Type: TABLE DATA; Schema: public; Owner: postgres
--

COPY public.auth_group (id, name) FROM stdin;
\.


--
-- Data for Name: auth_group_permissions; Type: TABLE DATA; Schema: public; Owner: postgres
--

COPY public.auth_group_permissions (id, group_id, permission_id) FROM stdin;
\.


--
-- Data for Name: auth_permission; Type: TABLE DATA; Schema: public; Owner: postgres
--

COPY public.auth_permission (id, name, content_type_id, codename) FROM stdin;
1	Can add log entry	1	add_logentry
2	Can change log entry	1	change_logentry
3	Can delete log entry	1	delete_logentry
4	Can view log entry	1	view_logentry
5	Can add permission	2	add_permission
6	Can change permission	2	change_permission
7	Can delete permission	2	delete_permission
8	Can view permission	2	view_permission
9	Can add group	3	add_group
10	Can change group	3	change_group
11	Can delete group	3	delete_group
12	Can view group	3	view_group
13	Can add content type	4	add_contenttype
14	Can change content type	4	change_contenttype
15	Can delete content type	4	delete_contenttype
16	Can view content type	4	view_contenttype
17	Can add session	5	add_session
18	Can change session	5	change_session
19	Can delete session	5	delete_session
20	Can view session	5	view_session
21	Can add Token	6	add_token
22	Can change Token	6	change_token
23	Can delete Token	6	delete_token
24	Can view Token	6	view_token
25	Can add Token	7	add_tokenproxy
26	Can change Token	7	change_tokenproxy
27	Can delete Token	7	delete_tokenproxy
28	Can view Token	7	view_tokenproxy
29	Can add user	8	add_user
30	Can change user	8	change_user
31	Can delete user	8	delete_user
32	Can view user	8	view_user
33	Can add item type	9	add_itemtype
34	Can change item type	9	change_itemtype
35	Can delete item type	9	delete_itemtype
36	Can view item type	9	view_itemtype
37	Can add product	10	add_product
38	Can change product	10	change_product
39	Can delete product	10	delete_product
40	Can view product	10	view_product
41	Can add order	11	add_order
42	Can change order	11	change_order
43	Can delete order	11	delete_order
44	Can view order	11	view_order
45	Can add order item	12	add_orderitem
46	Can change order item	12	change_orderitem
47	Can delete order item	12	delete_orderitem
48	Can view order item	12	view_orderitem
49	Can add Barman Stock	13	add_barmanstock
50	Can change Barman Stock	13	change_barmanstock
51	Can delete Barman Stock	13	delete_barmanstock
52	Can view Barman Stock	13	view_barmanstock
53	Can add Product Category	14	add_category
54	Can change Product Category	14	change_category
55	Can delete Product Category	14	delete_category
56	Can view Product Category	14	view_category
57	Can add Inventory Request	15	add_inventoryrequest
58	Can change Inventory Request	15	change_inventoryrequest
59	Can delete Inventory Request	15	delete_inventoryrequest
60	Can view Inventory Request	15	view_inventoryrequest
61	Can add Inventory Transaction	16	add_inventorytransaction
62	Can change Inventory Transaction	16	change_inventorytransaction
63	Can delete Inventory Transaction	16	delete_inventorytransaction
64	Can view Inventory Transaction	16	view_inventorytransaction
65	Can add Item Type	17	add_itemtype
66	Can change Item Type	17	change_itemtype
67	Can delete Item Type	17	delete_itemtype
68	Can view Item Type	17	view_itemtype
69	Can add Product	18	add_product
70	Can change Product	18	change_product
71	Can delete Product	18	delete_product
72	Can view Product	18	view_product
73	Can add Product Measurement Conversion	19	add_productmeasurement
74	Can change Product Measurement Conversion	19	change_productmeasurement
75	Can delete Product Measurement Conversion	19	delete_productmeasurement
76	Can view Product Measurement Conversion	19	view_productmeasurement
77	Can add Product Unit	20	add_productunit
78	Can change Product Unit	20	change_productunit
79	Can delete Product Unit	20	delete_productunit
80	Can view Product Unit	20	view_productunit
81	Can add Main Store Stock	21	add_stock
82	Can change Main Store Stock	21	change_stock
83	Can delete Main Store Stock	21	delete_stock
84	Can view Main Store Stock	21	view_stock
85	Can add Audit Log Entry	22	add_auditlog
86	Can change Audit Log Entry	22	change_auditlog
87	Can delete Audit Log Entry	22	delete_auditlog
88	Can view Audit Log Entry	22	view_auditlog
89	Can add payment	23	add_payment
90	Can change payment	23	change_payment
91	Can delete payment	23	delete_payment
92	Can view payment	23	view_payment
93	Can add income	24	add_income
94	Can change income	24	change_income
95	Can delete income	24	delete_income
96	Can view income	24	view_income
97	Can add branch	25	add_branch
98	Can change branch	25	change_branch
99	Can delete branch	25	delete_branch
100	Can view branch	25	view_branch
101	Can add table	26	add_table
102	Can change table	26	change_table
103	Can delete table	26	delete_table
104	Can view table	26	view_table
105	Can add menu category	27	add_menucategory
106	Can change menu category	27	change_menucategory
107	Can delete menu category	27	delete_menucategory
108	Can view menu category	27	view_menucategory
109	Can add menu item	28	add_menuitem
110	Can change menu item	28	change_menuitem
111	Can delete menu item	28	delete_menuitem
112	Can view menu item	28	view_menuitem
113	Can add menu	29	add_menu
114	Can change menu	29	change_menu
115	Can delete menu	29	delete_menu
116	Can view menu	29	view_menu
117	Can add menu section	30	add_menusection
118	Can change menu section	30	change_menusection
119	Can delete menu section	30	delete_menusection
120	Can view menu section	30	view_menusection
121	Can add branch	31	add_branch
122	Can change branch	31	change_branch
123	Can delete branch	31	delete_branch
124	Can view branch	31	view_branch
125	Can add Order Update	32	add_orderupdate
126	Can change Order Update	32	change_orderupdate
127	Can delete Order Update	32	delete_orderupdate
128	Can view Order Update	32	view_orderupdate
\.


--
-- Data for Name: authtoken_token; Type: TABLE DATA; Schema: public; Owner: postgres
--

COPY public.authtoken_token (key, created, user_id) FROM stdin;
\.


--
-- Data for Name: branches_branch; Type: TABLE DATA; Schema: public; Owner: postgres
--

COPY public.branches_branch (id, name, city, subcity, wereda, location) FROM stdin;
1	Bole Branch	Addis Ababa	Bole	04	Bole Medhanialem
2	CMC Branch	Addis Ababa	Yeka	10	CMC Michael
\.


--
-- Data for Name: branches_table; Type: TABLE DATA; Schema: public; Owner: postgres
--

COPY public.branches_table (id, number, seats, status, branch_id, created_by_id, current_order_id, last_status_update) FROM stdin;
5	5	4	available	1	1	\N	2025-08-17 18:14:27.436454+03
6	999	4	available	1	\N	\N	2025-08-17 18:14:27.436454+03
7	6	4	available	1	1	\N	2025-08-17 18:14:27.436454+03
8	7	4	available	1	1	\N	2025-08-17 18:14:27.436454+03
4	4	4	available	1	1	65	2025-08-17 20:53:00.02105+03
2	2	4	available	1	1	58	2025-08-17 20:57:08.349138+03
1	1	4	available	1	1	4	2025-08-17 21:06:37.600582+03
9	8	4	available	1	1	\N	2025-08-18 10:24:43.855146+03
3	3	4	ordering	1	1	72	2025-08-18 10:29:17.676604+03
\.


--
-- Data for Name: core_branch; Type: TABLE DATA; Schema: public; Owner: postgres
--

COPY public.core_branch (id, name, location, phone, is_active) FROM stdin;
\.


--
-- Data for Name: django_admin_log; Type: TABLE DATA; Schema: public; Owner: postgres
--

COPY public.django_admin_log (id, action_time, object_id, object_repr, action_flag, change_message, content_type_id, user_id) FROM stdin;
\.


--
-- Data for Name: django_content_type; Type: TABLE DATA; Schema: public; Owner: postgres
--

COPY public.django_content_type (id, app_label, model) FROM stdin;
1	admin	logentry
2	auth	permission
3	auth	group
4	contenttypes	contenttype
5	sessions	session
6	authtoken	token
7	authtoken	tokenproxy
8	users	user
9	products	itemtype
10	products	product
11	orders	order
12	orders	orderitem
13	inventory	barmanstock
14	inventory	category
15	inventory	inventoryrequest
16	inventory	inventorytransaction
17	inventory	itemtype
18	inventory	product
19	inventory	productmeasurement
20	inventory	productunit
21	inventory	stock
22	inventory	auditlog
23	payments	payment
24	payments	income
25	branches	branch
26	branches	table
27	menu	menucategory
28	menu	menuitem
29	menu	menu
30	menu	menusection
31	core	branch
32	orders	orderupdate
\.


--
-- Data for Name: django_migrations; Type: TABLE DATA; Schema: public; Owner: postgres
--

COPY public.django_migrations (id, app, name, applied) FROM stdin;
1	branches	0001_initial	2025-08-13 12:44:25.516147+03
2	contenttypes	0001_initial	2025-08-13 12:44:25.600847+03
3	contenttypes	0002_remove_content_type_name	2025-08-13 12:44:25.636985+03
4	auth	0001_initial	2025-08-13 12:44:26.006266+03
5	auth	0002_alter_permission_name_max_length	2025-08-13 12:44:26.034302+03
6	auth	0003_alter_user_email_max_length	2025-08-13 12:44:26.065775+03
7	auth	0004_alter_user_username_opts	2025-08-13 12:44:26.097687+03
8	auth	0005_alter_user_last_login_null	2025-08-13 12:44:26.120166+03
9	auth	0006_require_contenttypes_0002	2025-08-13 12:44:26.134391+03
10	auth	0007_alter_validators_add_error_messages	2025-08-13 12:44:26.160773+03
11	auth	0008_alter_user_username_max_length	2025-08-13 12:44:26.184718+03
12	auth	0009_alter_user_last_name_max_length	2025-08-13 12:44:26.238304+03
13	auth	0010_alter_group_name_max_length	2025-08-13 12:44:26.271094+03
14	auth	0011_update_proxy_permissions	2025-08-13 12:44:26.30018+03
15	auth	0012_alter_user_first_name_max_length	2025-08-13 12:44:26.342066+03
16	users	0001_initial	2025-08-13 12:44:26.851198+03
17	admin	0001_initial	2025-08-13 12:44:27.038056+03
18	admin	0002_logentry_remove_auto_add	2025-08-13 12:44:27.080139+03
19	admin	0003_logentry_add_action_flag_choices	2025-08-13 12:44:27.112752+03
20	authtoken	0001_initial	2025-08-13 12:44:27.254098+03
21	authtoken	0002_auto_20160226_1747	2025-08-13 12:44:27.33434+03
22	authtoken	0003_tokenproxy	2025-08-13 12:44:27.349332+03
23	authtoken	0004_alter_tokenproxy_options	2025-08-13 12:44:27.367124+03
24	branches	0002_initial	2025-08-13 12:44:27.494333+03
25	core	0001_initial	2025-08-13 12:44:27.54474+03
26	inventory	0001_initial	2025-08-13 12:44:28.32675+03
27	inventory	0002_initial	2025-08-13 12:44:29.704355+03
28	inventory	0004_inventorytransaction_purchase_price	2025-08-13 12:44:29.772568+03
29	inventory	0005_remove_inventorytransaction_purchase_price	2025-08-13 12:44:29.807367+03
30	menu	0001_initial	2025-08-13 12:44:30.361743+03
31	menu	0002_alter_menuitem_product	2025-08-13 12:44:30.433062+03
32	menu	0003_alter_menuitem_product	2025-08-13 12:44:30.472765+03
33	orders	0001_initial	2025-08-13 12:44:30.623759+03
34	orders	0002_initial	2025-08-13 12:44:31.043529+03
35	payments	0001_initial	2025-08-13 12:44:31.203974+03
36	payments	0002_initial	2025-08-13 12:44:31.504505+03
37	products	0001_initial	2025-08-13 12:44:31.643446+03
38	reports	0001_initial	2025-08-13 12:44:31.847519+03
39	reports	0002_delete_costofgoods	2025-08-13 12:44:31.871595+03
40	sessions	0001_initial	2025-08-13 12:44:32.018761+03
41	orders	0003_alter_order_beverage_status_alter_order_food_status_and_more	2025-08-14 12:55:01.265003+03
42	orders	0002_alter_order_cashier_status	2025-08-14 12:55:01.309916+03
43	orders	0004_merge_20250814_0954	2025-08-14 12:55:01.323958+03
44	users	0002_user_branch	2025-08-14 12:55:39.546973+03
45	orders	0005_alter_order_cashier_status_orderupdate	2025-08-14 12:55:58.764198+03
46	orders	0006_order_receipt_image	2025-08-16 12:39:40.587082+03
47	branches	0003_alter_table_unique_together_table_current_order_and_more	2025-08-17 18:14:27.562227+03
\.


--
-- Data for Name: django_session; Type: TABLE DATA; Schema: public; Owner: postgres
--

COPY public.django_session (session_key, session_data, expire_date) FROM stdin;
08n51k8t0jv5qtxjrofh0df0kjuzgjkf	eyJfY3NyZnRva2VuIjoiZ215U2toZmM5UGNnTDJ2UjFLUDdGa0plWk9hcE1CREEifQ:1um854:Ws3XGubsD5kYqJWND1jFUyUPPk-vB-kaad-uGtf_6TA	2025-08-14 12:47:38.84008+03
iifgtft4zm0p8nqbesfg4yg1n0i4tprd	eyJfY3NyZnRva2VuIjoiNnRKUEx4cEVUYzNrNHdGOXl5ZzRTajNHQ1R5eXM2V0oifQ:1um8DL:oT9oMH7mw7kd_qEwfz6iCgZ6povfEZHH2fB8KnVXeXs	2025-08-14 12:56:11.040421+03
6s6dn65gn7bltuempkhhgkb5pz9ifp2r	eyJfY3NyZnRva2VuIjoiU3hha0VJSEY5WU9LWUpEZEdVdUxXRjdSNGNoNHVwZHIifQ:1um8JC:UrG_A7_NGwXhWdHV3mpJ2KVMSsBdsx0zXkmLw4dt1oo	2025-08-14 13:02:14.723893+03
oilhshjcwr2zrta7pyo3c7zh1xtl8pmf	eyJfY3NyZnRva2VuIjoiZ3FBSEd3Y3hHaFo4WkxjRlBoQktZdVExNVBvYlNZYUEifQ:1um8fO:bjfdkwknJXZ4hYVQlQzqm_qSZkxdVXOUPXL3twNW1gs	2025-08-14 13:25:10.981084+03
2nsr0l1ar5ftgw1o0zrzv8x5l2agg27i	eyJfY3NyZnRva2VuIjoiTWpQc1B0d2pEWk5pbll2cnhXbURZcTBlUzZEQVlFSVYifQ:1um8hN:gQ0Q4bgVGNsJFSX4Myp5sFf0FpTPtcpdt2SQP_p95No	2025-08-14 13:27:13.29382+03
glhtkjqm9cp1et74affdl11x3sg7uvr5	eyJfY3NyZnRva2VuIjoiajUxWjNEWWpXSFM4RHlyZUNlOHc2WmVRVGdOTUZQeTIifQ:1um8k2:_H8t91GhGwSj9uYfnSSLlsOJOPvRs2iaZNdjYu1bAGE	2025-08-14 13:29:58.09157+03
mkqrncmvamxlzhz8gccszrd7ehqoaqnd	eyJfY3NyZnRva2VuIjoiTGdGcXh2RjJsQWdzYjNvemxnekZjZkc5MHBiaTJNZnYifQ:1um8n2:3t0mlXrtZlkW7rUniRUKtN_cMET2DuPl8c7KEoXGRL8	2025-08-14 13:33:04.209405+03
g2c8kblwiuno8so32mzflo62jhn52e3j	eyJfY3NyZnRva2VuIjoiWGJSdkFxMU1nVVdWRWpEUUlSS0x6VWhLY1lzRVdMZHcifQ:1umAPu:oVl5gzOYdOXNuZRFH2pZuXio0fWjtX--LninC38v39c	2025-08-14 15:17:18.786852+03
usf6x8ivmyd8yirdu7sq6w4vk973jv1j	eyJfY3NyZnRva2VuIjoiMWhDdXRTWmlzWERpTWVLMENKSUpRNVlYTGhzYnpnM2wifQ:1umAS4:fhY6HRnYefIUNdHU6yaUH9ufHAMZbsBzBRISgDpbIeg	2025-08-14 15:19:32.277926+03
7lv69kbvb10nwuas6la1orwqmcf4g4nq	eyJfY3NyZnRva2VuIjoiSm1nUUR5Wk9JV2RFMmdEcU11UzFRZ1hmNXZTRXg0UVgifQ:1umASI:Qj5gXe26TuhVTyjvtdan9iq1HJ795iGUOXAsxhG9Phk	2025-08-14 15:19:46.680566+03
a7izfa32yhjiwcdadah2l870284jrcvf	eyJfY3NyZnRva2VuIjoiRzRrbWVHcFM0SmdRamZ5U3JQeXZkSU1DYTJ2eHBYSXAifQ:1umATH:hmuR7cwJ07zyktOIZXRFoh4ZbK3GJBAK8RUqPjiDkjc	2025-08-14 15:20:47.063312+03
whima0eof6v7cohqt9045qok872a4def	eyJfY3NyZnRva2VuIjoieDBFWDl6NmJCZ0VLc1BkRHptQWFsZnl1RmRRbURKZzcifQ:1umPsG:_IOFPk9Zz4lKTRTn61GAAWcDIdBxegxz61uzoYYK1gQ	2025-08-15 07:47:36.605495+03
51uupstshtbw746jy02qb2sv6bsghibc	eyJfY3NyZnRva2VuIjoiRGhFZXlBUlpNMjBhN2k1QTNPcVRMcEg3MzFVQ2hra3oifQ:1umQN0:vcdEkRZpRucaa6taZqx1VqEMF6mSTI2bIXwX0OofG88	2025-08-15 08:19:22.608771+03
9ik3cgqzmmxr9efoabx3c0zhfahd53vh	eyJfY3NyZnRva2VuIjoiT2N1SFZHSkM2cFBTajZLRUpZeDRFTDFya0JFRFZXSFoifQ:1umQNU:GzmdZwvZF1gD8aXXV_h0Wl_sNKtz0EYq9dhf_F8hFVo	2025-08-15 08:19:52.03475+03
wt7ogner192ns9mngowmny1cekaz649s	eyJfY3NyZnRva2VuIjoiTVdoQjNwdmRaNkcyaXR3bklURkNCR3lKVFoxbkFXcFkifQ:1umSIc:NPIG9Iw859t-FRR8FvlZBxwkDV9EfxWgb_jDPTEL0hI	2025-08-15 10:22:58.059292+03
d0gg760v27y45fb7r0054y9d0vi1xk2t	eyJfY3NyZnRva2VuIjoibWtnWVpPdURXcW5JcUVHOGVSWkx6bkM0cVZxSjhBS2sifQ:1um86l:X9bJ__ihMKpP4SHj1PVyfYxnTGOjNkxkntqHJmQbjJg	2025-08-14 12:49:23.402485+03
nht0ctbhamx4utjp7fgq2k7lvf4m4cgs	eyJfY3NyZnRva2VuIjoibTUyZmJncTVzaVhYcENpTjJzbzVMNlFRWGduZDVRMm0ifQ:1um86l:6l1BbvFP94iYP6kcyqmZI0syxh_X8EVKFyCDdqf6Glw	2025-08-14 12:49:23.403134+03
z3y0r6khk7dcvhd05m92gz2sdpkwg6e3	eyJfY3NyZnRva2VuIjoiT1pOd3JBZ0JXdEVSZFFSUXM0ZWtDT2VqdE1VZVFUdGkifQ:1um86l:UVP_x6Ekrhpwu4EKkrVktVIV65MobG_6Pl7t9UMkcZk	2025-08-14 12:49:23.450599+03
sxurt02hslwwuubj3uuie87w1wqtze4g	eyJfY3NyZnRva2VuIjoiWFFOQmZobEJsTVZoMTNSWWdlZTdEMWU3aHdsUkFHZWYifQ:1um86l:TmrekYtUW2GrNAlV0MpdqRazXUUjZujV1klZl79dIT4	2025-08-14 12:49:23.456897+03
6rnner9kg179n24j2taa2rwbzi2tlhq9	eyJfY3NyZnRva2VuIjoiaGZWR1V4UW1DTmFVSmtkS290V0FzMENwUVJPUkxCUkIifQ:1um86p:N9_gzU3Kah_sLlzcZ3ZTnZTCwIVltizyELxTFR8RsFc	2025-08-14 12:49:27.572676+03
43ajk88wh813xoj29u5aslsikf3x9b9n	eyJfY3NyZnRva2VuIjoiNnhqaVd6M2pON3V3TFlJWkxUeFBlaFduaHNJSHJLSnkifQ:1um86u:-2oq3R-GDfjU6rEKq8EimF4MZVr_Rj8ERxs-JuGTFCs	2025-08-14 12:49:32.283046+03
tmwod9jf5g1838h0nf9g8dfxvz97xi1x	eyJfY3NyZnRva2VuIjoiWXVuYmU1akVRU3dtWXZwTmh3Y1RFSXFENDFWSHdKOEYifQ:1um870:R9aEJgL1YYYyjv-kmMoOSseWCQRFdBVclENLLHoqzX0	2025-08-14 12:49:38.160053+03
pnojynhil1g49ufzwzcv4p6vkcx4qqds	eyJfY3NyZnRva2VuIjoiTVdkSVlBeVVHQkFza2lJZXhRbGJHSzgwQW1NTXVXYlMifQ:1um87E:DI2OTBMf5IsNTtT6LgjzEzMlJ7yLQIVKCb_I3i3xn78	2025-08-14 12:49:52.131316+03
g39yxap4id7126xcvkjnbc4ac05iswn8	eyJfY3NyZnRva2VuIjoiVUFHckRVUEpWWFFxR0g0S2QxbjdQVFpnS3dvRDlGVGgifQ:1um87J:41yHk_pdxnQ4sq5_veKQd_Nrud9BmoalMFrPNSsm-9g	2025-08-14 12:49:57.251445+03
hbv9rz1v0axnwtaku8ytkc4ogkev1dug	eyJfY3NyZnRva2VuIjoiZnNjMTg4MVFkY0xLRzVOSU9aWDBmbGdNT2t3VGJveFUifQ:1um87J:xAoRf7fmhvttMZs-QaNBlqv5ikQHXSEaPqDx08-v2r8	2025-08-14 12:49:57.252399+03
qqcbdm7io735jlnajtiy1399ujq8xztm	eyJfY3NyZnRva2VuIjoiMmI3RFJmaVY3dU53cXI4TkxvbHA0ZHpFT3Q3aFhTS3AifQ:1um87J:4zhZs0_o8yfuA_zPK3ZvwMivLlzZtouIdfF-KtOYYYw	2025-08-14 12:49:57.340161+03
ld094e15sh9tm3jtrujfmthlgj8kzwkd	eyJfY3NyZnRva2VuIjoidHBtWFl5YkRlM2pJZkU5eFBWVzc0c3JWVVZqMVpmT3AifQ:1um87J:KSUcJZHFp0Yj00pF1oDNVWwH4JhW0RW4v82Yb88wvLY	2025-08-14 12:49:57.341116+03
mozco9w7om67j5nryq3jonmiwnew4i3o	eyJfY3NyZnRva2VuIjoiNEdLOGVlY2laTkZuUzBnRVQ4ZlU3WmE5bDJqWmlpaE8ifQ:1um87v:jkMExX_dNpiEBwOYL3K2HQDy_hX16Joia1BjtbQeSMw	2025-08-14 12:50:35.266872+03
hrd2g6upmfzietapruiqk68kkzx2vkxa	eyJfY3NyZnRva2VuIjoid0pFYW10eTJXclAzYlZjQU1vSWZyckFINnZrb0ltVDQifQ:1um87v:Dx17_b87D5QLbBJ63mQ-KWwvtWd-N7N7okO8ZwwEJRg	2025-08-14 12:50:35.346249+03
b9vo5acwdm9pokr2hwbzv1xmtg1qcm8p	.eJxVjcEKwjAQRP8lZymNbZLqzaKHIiiiiHopm-zWFKGtTXpR_Hcb8GBhYGCGefNmJQzeloOjvqyRLVnKZv-ZBvOgJhSm7SkKBTW-NuDrtomO5Nzoq0ma_yYTjgVnA4QrEcs0FZqkIMkzrRKjUYHJBFYiRqE4JEDIEQ2C1MkCAZM5Cp2NMgFqXF_5drwYeXYTq_VhaLt99bR5V9yv3MEZdqdbcbHbF7HPF_nNTMg:1umAVi:VCyItBihc0cQNAfA_Pliii1ouKoRRoUfBrrb0pxavl4	2025-08-14 15:23:18.181729+03
7kqchb0ncojsn4lwrkn1t775if3wc9cn	eyJfY3NyZnRva2VuIjoiQTRZMWhNdDdFM1V2emt4MmhoOU5DQkpYWXdjNVhUT1EifQ:1um85K:d0ItqU8A_trKXlfKh8rEN4Pqw6S1DSw18d2LmPfxuSs	2025-08-14 12:47:54.365817+03
ixuztcqgk6t2yzuwzq0zibg0haona45l	eyJfY3NyZnRva2VuIjoiQkd0SUgxbnM4ZllzNU5MN1pWcldncDVMSlIwRHZsb2oifQ:1umBmc:QHle963TyWFqfKXtN9SAyTdXdjIvUEsQP67ojmsH4aI	2025-08-14 16:44:50.413355+03
untzxpb1oqm026bia0iy510tumndoamv	eyJfY3NyZnRva2VuIjoiRTRlUTFsQ2NDcDZ5WHM4b1VORXk0eU0ybmphOUNPVlkifQ:1umBmc:bjbW3fKArXwmkj21y1FJmvZQTVhRQbVZLECpESfABKg	2025-08-14 16:44:50.501554+03
xc0zmtxca2ok9if6egnmt6jipoaxvns2	eyJfY3NyZnRva2VuIjoiaGFjV1RtMzBjb2J4Y2VOcVJwdFJjOG5PT3BPWkZ5dXMifQ:1umBmc:pN0WXP9um8WSQfXzhk_qxb7Du6OdpfvB6E3lh34gZEI	2025-08-14 16:44:50.61225+03
yvzy9kdcsulf5sa2pklvnzlryntx86co	.eJxVjDsOwjAQRO_iGllxnLUNJX3OEO3uGBxAiZRPhbg7iZQCpKnmvZm36XhdSrfOeep6mIupzem3E9ZnHnaABw_30eo4LFMvdlfsQWfbjsiv6-H-HRSey7ZWF6kKTUOSA-XgkkSvgsiaCDeqQNGx5wwHKDiIP4Pha5CkLWo-X_FvOOo:1umOTE:dB2tVK8IkZxR6k4kjHn1lzhqjk149mbMushUettT920	2025-08-28 06:17:40.568567+03
4frpfy6976ss8zpsg26mfziza0qhs024	eyJfY3NyZnRva2VuIjoiYkhRSmdjTXc0Z0lKdVZpQ1hPek5oZUNHOVZycVpvSVgifQ:1um85Z:1TjXqz0xnHM_ZMtmknTVAB-gT76o8dWArFEi64bR3j8	2025-08-14 12:48:09.8911+03
s4527bvr26ftzcsgp6pxxehu0tn4csqa	eyJfY3NyZnRva2VuIjoiRWVlZ2ZKTzVDb2JQT1lWb1VKUG1JN3FOdnJaZnFrR20ifQ:1um85Z:h2O0znZca7gke3vfctdXoek9-WyLC-AXuWC6WlxKVD8	2025-08-14 12:48:09.90117+03
6ls1zt5yyl5m0qxyqcqvjz6i1n1szzrs	eyJfY3NyZnRva2VuIjoiTEswYUw2SzlFR0VZVFF2Q0ZuRTE2VWlkNFNMN1ZsYloifQ:1um85Z:v0u274OlKTYe9KYi1lehV7GiiiDYO2xEyNqphehwdBU	2025-08-14 12:48:09.934736+03
49ija2lqa8kscjtgd0wy64r3jp9dt68o	eyJfY3NyZnRva2VuIjoicTJITUpJTDZwd003TWppdlE1WnZDZTRMN2NSblNnUjcifQ:1um85Z:izvkqJEQK4rAw-4vaJPaWoxSuWz5oYYy7OBgDKHCisE	2025-08-14 12:48:09.947928+03
js7vf13iamcp2spy56ge8mjza2k0j9z3	eyJfY3NyZnRva2VuIjoiZzFYQ2s3a3FSWDhUN0VFWEpDdEVZOVJoYWJCdW9lVloifQ:1umBnW:hAfaJxKc4PQK9fjlTLRj2aH9BKpkuwfMwxpa_Au-9xA	2025-08-14 16:45:46.968971+03
c4tpsk3upmwqfrr6kqpbsebefgendktn	eyJfY3NyZnRva2VuIjoiQ2tWUzdJQ2V0YzhrZFJXWDN0NXR5bkdPSjN1UE5GbEkifQ:1umZ4x:nWe48Y-sPD1QEfRTZVyQrDyGi2LGwv6C0HUc4UQLuLA	2025-08-15 17:37:19.482505+03
f1x4vb2stz5ol1ibnyc6j8dwipl1q9gy	eyJfY3NyZnRva2VuIjoiSmxsTXZPTzdHWGhUNVIxMlZSbDhJME02N2JIdzlRZUgifQ:1umq6H:1W-BWShYF3llMkLaM5FDsDewrpfpTwWa4A8JdONnlQA	2025-08-16 11:47:49.768226+03
qakgxyt2cwwcfyxq8cuiozki75kzvmiq	.eJxVjTsPgjAUhf8LsyEUaIuOwqCDiqsLub23PNS0SQtqYvzvloRBkzOdx3feUQPT2DeT164ZKNqkq19HAd60CXZEVzCdjdGa0Q0qnivxkvr4YEnft0v3D9CD78MameSJyHOutOBasELJDBVJwIJTyxPikkEGmhgREgiVrQkoS4mrIghnKHrXjjZcBJ7xpZkqOdiO3PlUl09J7aXey_S1c8eqeESfL-m8SNI:1um8F8:Q5PTpYwQvd4vekMZoSQdqOEcg5sa7i-ccBZ0fIyANEM	2025-08-14 12:58:02.715839+03
f8wejq1gbnfwzrcpi9smy1ap3c53s4dw	eyJfY3NyZnRva2VuIjoidzZwWGxwcUpIeGhpQkxaQ255bWJKYXJQZjNKa3I4NE4ifQ:1umS6c:ABzdhbdPQAGOtWRl3zgmptBtIfedtf4nXuZLL12iRqs	2025-08-15 10:10:34.324079+03
lj5cuyt3xw9yiibteb8eukza8pko9lpx	eyJfY3NyZnRva2VuIjoiRG9Za0NEOWhtMk04d1hKZ0FmUnM4MjFnMkJzZ29BdjgifQ:1umSIH:R6niXl0LK0DIDFvnv1QjWxomBlxWMT0szw39_5MdDZI	2025-08-15 10:22:37.727647+03
vr5sz4wg7a4m8p4xz6ogg3l0ny9dyyfm	eyJfY3NyZnRva2VuIjoiWExBRmY4M0NLMGw0emR0UXFSam9WUll2S0VvckJSNzMifQ:1umZGd:vb-tBQeaxKS2dhTkvpMGpeP6Clrf0ttbZS1dYY5StCg	2025-08-15 17:49:23.142771+03
ptntu8m4pysqc7mko6vr38m3oc4mn06b	.eJxVjc0KwjAQhN8lZymN6TatN3_uFhQUL2U3m5qgtJi0CIrvbgseLAwMzDDfvEWNQ-_qIdpQexYrocTiPyM0N9tOhemCTabCtr032PuuTQ42xtHXs3Tzm8w4DqObIFJDmmcZkM3B5rIgrQyxRlMAN5AyaIkKLUtmw5iTKhlZLRmoGGUmqImh6bvxYuSRpKocztXO6Utxp-txvw3hBY8W4eT8sxSfL_UXTKE:1umSIQ:eBtSAutiPx-XqvJhx0zUIFNfSHhz2d5Hq3fVePAdlsA	2025-08-15 10:22:46.31105+03
wqpp6tazk7hzxbzgv4wg32unl3yws6bv	eyJfY3NyZnRva2VuIjoiT3c5VE1PcGNBWWRLOTZOSEUySExpNXJJclJwRGFEZnUifQ:1umq8t:Qng_n_qKf_OE2pY9wvwf1refnrg3skb_nibuBWn_RQo	2025-08-16 11:50:31.821248+03
odwd3xoudv2xa04pgg9hpey4thgjosfs	.eJxVjbEOgjAURf-lszGV9tHWDQ0rC8aV1PY1JUZQWgRj_HdL4iDTTc7NPfdNGj1G34wBh6a1ZE92ZPPPLtpcsVsK0w-4XQrsYmt0bPtuW2MIKYsVPfwmK4_XwSeJQmcZc0Zp0EBZDhY5aC6sECgyaSEzoBzLUShGgWkJkgrOuaIyzxRVi9SEwcU-XSTfVL7UbGzhTlN7PN88p7Iq4f4QFc6uLp7k8wV97Upk:1umPkI:UazxdtjlAk8HYd4eDV0KwRnbXUfWj7PoYUmrHOyIF7I	2025-08-15 07:39:22.586034+03
z5uuzqkofera6nqofz3pty272ltywyru	.eJxVjT0LwjAURf9LZpE0yWsSN3Vw08Ev6FKeySuthRaaVCvif7cFBztdOJd77pvl2Mcy7wN1eeXZiiVs8c9u6GpqpsK1HS2ngppYOYxV2yyPFMKY6xnd_CYzT4mhHCWWCi9l4SwCApcpeFKASnutSQvjQTiwhUxJW8lBogHDtVLKcpMKy-0kdaErYjtejL7YXp413EOW7avSDie5e20xOYShfyjhrmf2-QKHWEq-:1umPmc:aYapHvCop8i_ebflWIWM5ecxSEGM4QoR4nJewGw0AWA	2025-08-15 07:41:46.285514+03
oi1yhl7ibx68fkkz2cwqfui46ugk0v2w	eyJfY3NyZnRva2VuIjoieE1YeXB5NG9aV3VRb0xzMDZlVndyZHpEVUZRSzNJYUIifQ:1umATr:gD6UOGdVyLbuEO3W-q-ASJj5KfvavswgV9MiMI275Tw	2025-08-14 15:21:23.884335+03
tx0c8h00ag1fuhn0gbqcpjde703gbhi1	eyJfY3NyZnRva2VuIjoiRjY5VXpHZFBkZGhRV0xOaFNSNjdYV0xwUWpoT0tBTXQifQ:1umAVM:BAdJXu5pppgbvvLjjiPmBzs3GRV06hXVcJHQZvMn-9w	2025-08-14 15:22:56.087204+03
elqdgs3alztkpg2fzj2hotpeaxj38bn1	eyJfY3NyZnRva2VuIjoiQWFJWXdnZTc3NVRaRlh2d2NObEd5c0UxMGhhVkwyYlkifQ:1umST4:BYRcArqgiDw_pQ1nsir0qI2QR22tlLbkMyQHloIkR5g	2025-08-15 10:33:46.015984+03
ed8vyio28usgdhjxl2ez611rmc93gn0i	.eJxVjUELgkAUhP_LnkO09blrNztEh4igS3SRt--tKdEarpIV_fdW6JAwMDDDfPMWJQ59XQ7edmXDYiVSsfjPDNLVuqmgtrPRVFjXN4R907roaL0PXszS9W8y49To6wmSKIizNAVjM7BZoo2SZFghaeAKYgaVoETLCTMxZkbmjCyXDEYH0QQl31V9Gy4Cb9T8qC-3yoynF-knyFxvCnceD8W-gd19Kz5fBF9MpQ:1umAVi:Kyonh6tZZ61Ob4UoJ8hdvd52_B93NxVYjTUXk75YeqU	2025-08-14 15:23:18.861602+03
ofeei1tqwjl87cstt580o2hwzzzyq3z7	eyJfY3NyZnRva2VuIjoidnlVNjNicVpETEhHWm5RVlBLYXNSemNVNXk2SnBnY3oifQ:1umBmc:sHiHI2CXqmwQph_HD5QaAGXOv1-GyFfig7fsTIjIvig	2025-08-14 16:44:50.414852+03
j38xw0cqduxxbz8v6rzkh11ujure4i6o	eyJfY3NyZnRva2VuIjoiOW5pOWUwODJDNFVta3FtTE1SVzJabkJQVUlpeEVxMkwifQ:1umBmc:8d778iry9FCuwoBipKgCyn8wO474yybN557JTgkqsEc	2025-08-14 16:44:50.535622+03
m51dbzdtinm9krtccyvfuzrgw48u6fct	.eJxVjcEKwjAQRP8lZ5GkIdnUmyJC8VCx3kuy2bSh0ELTIij-uy14sKcZZpg3b1bbeWrrOdFYR88OTLDdf-YsdtSvBQ4j7deC-imineLQ7ytKadHjJj39JhtOa1O70o0mDELngbxwCgNYb5w1iKQNKACei8yR9FZxDEE6QuMBFus4WYAVimkM07BcLLxXmTXZ9aG554GXTw2yibGoLjdZnLu7MuzzBSVgS8A:1umUPn:HP1t5DB4po_DT5nvZhon4gn-wg_E28MXaGnfWzR9TDc	2025-08-15 12:38:31.974009+03
samzbym81j42yi0yyhw6mxltcnmnxvmz	.eJxVjcEKwjAQRP8lZ5HG0ib1VoWClyJI9Vg2m01bhRaSVIriv5uAB3uaYYZ582YtzL5vZ0e2HTTbM842_5kCfNAYC5wsbWNBox8Q_DCN2ws5F7RcpYffZMXpwfWRLnNCw_PCkOYqQyNASwUSkXIpMiGSgu8UpRqyBI1JFaHUQgSrEgIhIhSdNX4KF4EH9ZLeUfHyZJtr8-RdYs-3slpeXVG7Sh3Z5ws8TE0U:1umURN:25IlhZOqVRbo3Sp6bujO9iQ4bOMLbaD7am46Ergov_0	2025-08-15 12:40:09.889381+03
bmbn3v8bw9v2w1lqg6jlfbo0ftkbjxqn	eyJfY3NyZnRva2VuIjoiNmpxbUlzeXNLeVBPbFoyYVg2amxzT2wwZTdMS3VMNE4ifQ:1umVzF:RvFDC9BZoBJ_csIQtTPhs5NnnfjNzsrF2nTgVrV0TTI	2025-08-15 14:19:13.49083+03
x6v7unfyofrduzlr9gv8kv831q0vu807	eyJfY3NyZnRva2VuIjoiN043OGo5STZ6Nk1JcElPOWROajlWVHNzSndIUGltWXAifQ:1umWAc:tuZ-M2MIihaXzjo3g1xdKJovcUeyMZ4pUY9WEXzBy_8	2025-08-15 14:30:58.658853+03
bmnxxfoj1w796w83wxzfecpm4wdqfdkx	eyJfY3NyZnRva2VuIjoiQkpIaDhVR1pLSlJRNmpoSUlESVNkT1lpWjZKY0ZVMzcifQ:1umpbE:sSYsyKMEnvOCka0-kJJ8Z6c7AebicHKzGJCWyO9E4uo	2025-08-16 11:15:44.683273+03
1g7snxy9oclxkdgkvx8d5wdd782sd75k	eyJfY3NyZnRva2VuIjoiT25aNTRhTFFjOUoxeWd4MGZ2QjVYY0d3aEVTWUxrUjMifQ:1umXJb:2PACX-CEX8yIre6Xn3zL-Da3qFNGUdYfwdwUzO1pg9s	2025-08-15 15:44:19.632875+03
oabf3d57szpb36tkc5nec7tu4tmoet0q	eyJfY3NyZnRva2VuIjoiYW5NbG85d29OY3ZtY2lRb2dEREIxM2dlMFY0bTVUQVkifQ:1umYzR:zq3wTmuYFpFSh17xNhibnPK8U4CjXO4onAtrdlNK6H0	2025-08-15 17:31:37.460291+03
prreebd4gd608wrw92uh8f4bt5iqmoq4	eyJfY3NyZnRva2VuIjoiY0RTT2kwT21waDBubEpCOVBnRWhERTVqbUZkcUNhSngifQ:1umpob:F-sPcIt36FQh56pca1TDuYgfdLocDFRkjJUnUddp2fo	2025-08-16 11:29:33.365522+03
6wct8ndvi00hr87gw6mzj2fkgft30t03	.eJxVjUELgkAUhP_LnkPc1udat4KCyJPmwS7ydt-TlUDJ1UNG_z2FDgkDAzPMN29R4Ti4avTcVw2JvVBi858ZtA9ul8J2PQdLwe3QWByarg1y9n72wyo9_iYrjkPvFojUEMZRBIZj4FgmRitrSKNNgGoICbREhUySyBLGRu0ISW0JTDLLLlDr-3ro5ouZV2Z8ukuniyl15e05XVhl-jqmULSvM0MuPl_0s0xK:1umpoe:BajE8JnespwEbA7CbaXCjGBuzLQRBi4dzZ_162nXFw0	2025-08-16 11:29:36.466667+03
kr9uklem2s6hu3iqax31zr7ynlet6avy	eyJfY3NyZnRva2VuIjoiWW1ybW5XMGVwY05GQ0I4aWhIbENhWndZU1JMQ2xJejEifQ:1umpui:Ub4qrN6lmTWPthsKfnh3dPyAYocB0ZLpTPJuK-3Q6OY	2025-08-16 11:35:52.349371+03
i91u3t29q1kfuthuc63un63fekxix9ex	.eJxVjU8LgkAUxL_LniNW17dat4o8GP2BoOgkb997okRKrh4i-u4pdEgYGJhhfvNWOfZdmfde2rxitVShmv1nDuku9VhQ08p8LKTuKsKuaur5WbwffDVJ17_JhFOiL0dIEIO2UQROLIgNEhcbchwjJcAFaIY4QIPCATMxWmcWjGxCBpcMohFKvi26ZrgYeJk8dlrrq6UDlFlk6tu2gv2zP5426euSkvp8AeA7S5U:1umpuu:69CfN06dpXNATGQt9Hi5TxGuKdFeAfoydGCCGn-rp9g	2025-08-16 11:36:04.850065+03
8b76kqjtc32fldyumc3x9wkuodw32dy0	eyJfY3NyZnRva2VuIjoidTllcERQaUFmYWFFdUVhS01pbnNqZlJ6OFR4b2tqdk0ifQ:1umq3Y:Udm5GucK4giQeUwBBbBIglhfhIGTrbwh8Ac3se84FxE	2025-08-16 11:45:00.648553+03
042hrd67wtzid4eahh1pq83yqjgixqmg	eyJfY3NyZnRva2VuIjoiNmJLZmFIZzVwWnhZR295OGlWZ3R6UDZmYTFrYlN4NEoifQ:1umq3r:EmAEX9YWq7lYWQZe3GpO1aksmAIcKZRjiXvN-oOZE-s	2025-08-16 11:45:19.463916+03
dqdhwbwzfsj65z6tp3feukzc2qd6ihqg	eyJfY3NyZnRva2VuIjoiUGFRYmRJTDBJdUdjYXhGd3FGTkNkUkVTdGh4Q0xLdFMifQ:1umq4T:iCJxjNDp5-eyaPmfh6ogu-Wzu6bqQIWa09sgG1I9Rsk	2025-08-16 11:45:57.748041+03
fht2l9d1iwani9wwq4wmauyw7l2p28r6	eyJfY3NyZnRva2VuIjoiZkY4TjBvaUJBYU5EOEp5RkxEWjN6SVlyWHFUZFJBQ3cifQ:1umq4p:nm8oIxig4wC4WtjcKD7V41lqqXl7wiBgmgsDtJqEZxY	2025-08-16 11:46:19.968391+03
0762r2r75oflqkofn7lrenofiq1ripdf	eyJfY3NyZnRva2VuIjoiYnlxTmkzMlBwWEdrS3VFclRLMUVpRUE2VFNienZ6N1AifQ:1umq5B:wKlgk0OFg7S5lmYb4gWDpNUMOi0J9oDSb0NsXiHoeAw	2025-08-16 11:46:41.276896+03
py9b5e8iir2j2gw1ddofgoxl8jxtgz46	eyJfY3NyZnRva2VuIjoiaEtFSlRiZnN4VmcwekFRR0RPQXcwZjlOZmgwbnMxc3AifQ:1unhbK:XlxSFQz8o1pyKVouFgiy8H84U83sejowfhkrFQIzckg	2025-08-18 20:55:26.701829+03
aznnsfzsk49gdznuzt9xlhjo2lj3m7gt	.eJxVjUELgjAYhv_LziH7NqezW1GXLgkVQRfZPmdOSdPNEqL_nkKHOr3wvLzP-yKZGnyZDc70mc3JkgBZ_DKtsDbNXGDbm2AuTOMtKm_bJjgY56Zc_dH1d_LnKZUrZwmFOKJGC60piyiniKA1qkRRwzjXIECCUcDCUAsa55FELFBCwpOcSYxnKbq-8O10Mfnut-0j7NL02W7G8bg_i9M1udRq6CSvdpVtyPsDsmJL2Q:1unyQP:mJw11p9gZtvgMqv5u85oalI4j5J5YXEp-9nq-3uvRCw	2025-08-19 14:53:17.427803+03
xp1r1bprqidxt7v52ztud0ufbbgph7ny	.eJxVjc0KgkAUhd_FdYiTzoy1TCIKo0VB0Ubu3HtNTZxwdFP07k3gouCszs93XkEB41AVo-O-qClYitmvYwDv3Hk7oAa6mw3RdkNfm_BbCafUhXtL3K6m7h-gAlf5NQotI5Uk0rCSrERqdIyGNGAqqZQRSS0gBiZBhATKxAsCiuckTeqFXyi6vhysv_C8yrZb5vXhshkN57bpno-zSHa5g-ya4ekYvD_ssEkT:1um8JS:fb45bQtIXFAMBj5InLQlXV5xYmgUO8S6ECAs2HQjy1c	2025-08-14 13:02:30.044566+03
31m2ukrbgmq2pzfgmy45kx71s95zn1cz	.eJxVjc0KwjAQhN8lZyn9S1K96UGKJ1FE8FI22a2NSipJilbx3W3Bg4WBgRnmmzeroAtN1XlylUG2YCmb_WcK9JXsWOjWUTQWZIPREExroz15P_hykq5-kwmnAd-MkETyWOQ5VyQ4iaRQMtMKJeiCY81j5DKBDAgTRI0gVDZHwCxFropBeoRq7-rQDhcD73R_lmsb6Ngvd-RivDTmxl_m0G5L0W8eZ_b5AgnRTWw:1umQNC:Q9RQwcwe3_nYwtQ-tR_evRyy2TU9b5uYSdi_h3YaYVA	2025-08-15 08:19:34.527703+03
upias93k0h2p76jy1nulk053skhxr3cg	eyJfY3NyZnRva2VuIjoiblUzUlV5VVRCbGduZFlZWnREZDlnMkdJYkpxT2xrUHoifQ:1umZYm:L-yen1CxwmKQcZ1Guf2jV0ZzQs7pE_2ENG1OtSskpZg	2025-08-15 18:08:08.688955+03
2hgtolf8jc9mzj92bllc8nocgh2h86na	eyJfY3NyZnRva2VuIjoiOVVrR2ZGQlRSczNZQ1pDdEFFVHFUODJJM1cwVmFpejQifQ:1umZmN:ss6TeCGlG77b__F_wnPuIZhntSXTSiX94IPNkVdVfg8	2025-08-15 18:22:11.839476+03
v9feysyf3hzp4a5llyv5l7w6z30t87ew	eyJfY3NyZnRva2VuIjoidXFtWm5COTJCNXVMbXJyRzlyUTN6Z2xrNDU0Zjh4Z3EifQ:1umZnC:D6AQ9j31ULHgntJYszQVV40dViEg59jmfceWzemS5YU	2025-08-15 18:23:02.315396+03
8x3lkzpw5xyef99plqm0pjrjanagw35i	.eJxVjUELgkAUhP_LnkNcdde1W4FkdVOiOsnb99Z2iRTc9RT99xQ6JAwMzDDfvFkLU7Dt5M3YOmJbxtnmP9OAT9MvBQ6jiZbC9MEhBDf0UWO8n323Sve_yYpjwdsFwnMRyywT2khhJFc6T1FTDqgEdSImkXNIwRAnQgKp04KA0oSEVrNwgaIfuzDMFzOvrJNrkz3OWKrqcKmO48tW7lbHdyWLqTl17PMF4dBLjA:1umAQU:_XyR4qgtSPcn7-l89dqv33rqasFO94VQXL4nWWO1rfY	2025-08-14 15:17:54.963517+03
5v8iery7x2j1v98tet91l5jqlrhqyw99	.eJxVjUELgkAUhP_LniO03XW3boUFQYdAO-RF3u57pkhruHqQ6L_nQoeEgYEZ5ps3K2Ec6nL01JcNsh3jbPWfGbAtuVDYrqd1KMgNjYWh6dw6I-9n3y_Sw2-y4NTg6wCJlYwSIaShRFISa6O4NajAaomVjFCqGDgQxogWITF8i4B8g9LoWTZAre-roZsvZl5eXFzr8ieccw7iesMTpbq4P45ymsQrS9nnC_c3TE8:1umSIQ:gjkQMP0T-LoqdNF0PeMxXa3ijCV0pefY-XogZEdeA2k	2025-08-15 10:22:46.81594+03
e7p03byzhrcg7bfl245egibvu5oidyay	eyJfY3NyZnRva2VuIjoidExnSFViSFdEVlBrOG5nWlFMQTEwV3hzczZ5SThFS0MifQ:1umpL3:7c9kjE-tvI3AyAtTTbo92yPtrJEHNIMbJuAJjO4Uo0Y	2025-08-16 10:59:01.120308+03
uapkk6q4xw5sski9jod0947gwifhhfu8	eyJfY3NyZnRva2VuIjoiYnhiVVJuN1lRblhPYWxMMUVZajBmVTA3Y2s3ZjlqY0IifQ:1um8CG:6a1z1HgtZpHhOhkUCv1QPgtsOtyncNmzpiiD-Wa2vDE	2025-08-14 12:55:04.658423+03
22h76d67tb5mrfhj21pec82q5yp6mgjz	eyJfY3NyZnRva2VuIjoiVHEyM0l6VmcwMnJpQ1VEUGR2OEtES0dIQ0NabDdhcHAifQ:1umTOj:qWlgZyF16jIII9vd_O8wk7C56mjADjE_krJ5Mnu6WpY	2025-08-15 11:33:21.962817+03
mgxeodlv90muawopbd7phgu9tlzuu40f	eyJfY3NyZnRva2VuIjoiMHlTRG54akl3b0lYUXBsb1Z5Q1psSTBVUkZFaDFVdUQifQ:1umpOh:rEsdLG-JH7PzZGaonoDj1Mu-AC1zsLc8TLPAoibRM4M	2025-08-16 11:02:47.709601+03
hs6uy2kx4hmlplv1frs9e38qrtmh7d5p	.eJxVjTELgzAUhP9L5iJajcZuutl2UBwKLvLy3pNIUcHELqX_vRE6VDg4uOO-e4seNmf6zfLajyQuIhGn_0wDPnneC1xWDvaCZzciuHGZg5at9V4c0vI3OXAMWLNDokyGaZJIzankNFI6i1FTBqgkDTIkmUUQA1NEhASpjnMCis8ktfLCHYp2HdziLzyvMSZ3j5ZpLKrqdZ3q6h5Ot1aFZVd3DWrx-QL2oUwl:1umATO:Ch-_sMdnnK36TngEUSQtr_nbxQQyhlg5trFHSVvc6zw	2025-08-14 15:20:54.008456+03
ndwsgec0ybnit9n7ji3pe50muqwmbjcr	eyJfY3NyZnRva2VuIjoiZjdMTWRYMlNBeVA2UzJ6ZUtLSVJuUVJvVERsa0x6SFcifQ:1umBmc:q-xy9EmIJE4p2RYIhRXdsGN44DiAvlN0qvtFinjd2m0	2025-08-14 16:44:50.418483+03
j45y878e41fyi0xtjyugnww2ihs9rkur	eyJfY3NyZnRva2VuIjoiYnYxMWFpWUNhT3lpS3lXREk5QnMyRENORzJvb1k3Y3gifQ:1umBmc:f1GvzaxKIe6p38l-fPhycFoE0Zq3MjwURcJagl7hydo	2025-08-14 16:44:50.594499+03
epv57eqr9oy3m8exolx678bwapdkpn2k	eyJfY3NyZnRva2VuIjoiN1o5WFh2WjBoM2sxZTRCMVRDV3BDbG5xNlRkUWt1T2gifQ:1umpVO:Ne51Tw297kcB44Ct86V2WdyAZcG2aI48yaZI9K8aPuY	2025-08-16 11:09:42.167996+03
14zve5rca1ixa09ll5j98wtfbrpcae9d	eyJfY3NyZnRva2VuIjoiYXNjZmhHRU5YUU1aQWhyMWxrbmE1SjZ4VEJESTVsdEwifQ:1umURN:FUiytvu3s4MtU0_QwP2ugx_q2l5QtD4_3JUxh9BcA5U	2025-08-15 12:40:09.000758+03
wzg1e7b7rvndnttgmvt6w6y0v262t71k	eyJfY3NyZnRva2VuIjoibDljQ0FJaVJLNWt6eGxQTG1uaHlMeEdDWHRuYnJRbE8ifQ:1umUoe:lEMw1X8-0ir919PozcjvSCZEZLTMTEdjZnkET4runrU	2025-08-15 13:04:12.351969+03
re2tv4nyytr3dwzsp3vbu8cwkft5tzcc	eyJfY3NyZnRva2VuIjoiN3BBd0tSVjdhejBGRXNrVVhycm9mV0ZUaVFNYXlaN2UifQ:1umPmb:vU0VlIw2qvgNb7ZDF4fjCCBk6UgxLlVSTgQMY5_Ph-k	2025-08-15 07:41:45.267535+03
2wu7qsj2akchip6ow67padh9reu4b4cj	eyJfY3NyZnRva2VuIjoibFZLd3V1a2F2ZFBxMlA2R1pUMWJaZHA1SEI5bnVtY2gifQ:1umPpO:5kdcvIJ4x49qptHjFNOjA6_3aFsGv5XyVtR4K7H8AOg	2025-08-15 07:44:38.678453+03
w3d87uqyd6cotk8ffjvvw07rxcjg5b9g	eyJfY3NyZnRva2VuIjoicmNTZnhVQnpQRUdLdjRWTUFrYlUyTjdyNjA3MkRKT0cifQ:1umPq1:ZTAacCTLWSKQhD9Dr4u-kGZdyJUrb823LAzNokt-ug0	2025-08-15 07:45:17.588169+03
a0k5pg54dtneff16kcvk2jizr4m4zud6	eyJfY3NyZnRva2VuIjoiZEhRTmEwMG9CTW9ZWFVwNXpzTTdQZkdEcEY0aWk5aGoifQ:1umPqP:MZT9XM48tMuS7matiYoohwaxhwkscRH_7ajbOGMA7Jg	2025-08-15 07:45:41.523247+03
eg9ufjezmuive7sh4rs10cmuwo6zxpwq	eyJfY3NyZnRva2VuIjoiSVhQVW1RM21TTEk2OFY3cGEzd3RHQ3lmd2UyYVBzcDYifQ:1umPqx:2Izf0RNPBNLLEAkQXPf-8_1oqgL6IPE2gVezT2ACe_E	2025-08-15 07:46:15.721991+03
q5h6pii85uq115p2yg8bondisy605h2b	eyJfY3NyZnRva2VuIjoiQWthZFdtU1I4TTUyd01lbjhoeVp0bk1PeFc2SjdvYjMifQ:1umPrn:sJCSeffDVQfuBypyOldGQPJo2ehGK3MwbSBtfKONlyY	2025-08-15 07:47:07.908828+03
5nsb15r52gh2rfez3ocd7765lnhrool5	.eJxVjUELgkAUhP_LnkM00V27aYGEYVDoVd6-fdtKsYKrdYj-ey50yNMMM8w3b9bBPJludjR2vWI7FrHNfyYB72R9gcNIgS_ITj3C1A82uJJzi-artPhNVhwDzni6SAl1lGaaVCQT1ByUkCAQKRU84TzMoq2kWEESotaxJBSK88XKkIBzD0U36mlYLhbe6_I8gp2rsU1v-zx_mPpclHRQTdvU5anK2OcLQtxM7w:1umUou:kW5dTrJao4dfYiFRupLF6KctY-p3-RB-m47wbM9h02Q	2025-08-15 13:04:28.626491+03
4a0ehghxd9r0n00dvwpn1r4q3xlqd9qb	eyJfY3NyZnRva2VuIjoiejZseFFjMkN3VGk0aHhEUkh4c3VOR3VRa3NyNVpvNWQifQ:1umVyD:4TXLbbf1SV2h5D7mEuHxfpYAnbUUciUKqqYuLInGg18	2025-08-15 14:18:09.036063+03
lqlcwiny7ozcdjzcn1lseq38zyqdnyt4	eyJfY3NyZnRva2VuIjoiTUVqcnZWUDBRT2M0VG1XbG43bVVndnBlaXRZaEJVMjQifQ:1umpn4:FAj-DFgV3Kl2Ykb6yx3RtWSmqGFDlaj9AEL5FEbwG1I	2025-08-16 11:27:58.295191+03
ig4shexb4aejfkdkk9bnpz39zupg27lo	.eJxVjUELgkAUhP_LniNcdXe1m5VdIoqkixd5-94zRVJw11P031PokDAwMMN88xYVTL6pJsdj1ZLYiVBs_jML2HG_FDiMvF0K7n2L4Nuh3xbs3OzZKt3_JitOA65ZINKoQMexsqwVa5lYE6ElA5goqlVAykiIgEkSIYG2UUpAUUjKJrNwgaIbaz_MFzPvKkHfSnp2fLokx-KQ3V95WsbeD-3jjHktPl_qE0wQ:1umXJg:f0umrb64uxzPGMRXHihD1NJfIvB7Uiwe0S0eAqbu9vk	2025-08-15 15:44:24.812524+03
5fzamdpepmqj7b7ypazxp34x16b68569	eyJfY3NyZnRva2VuIjoiT2RzS0lOeEFVQWVjbVBmeFpSR0lzNWdYd3NmZU1Tc1oifQ:1umYbf:qw3yejqJtGQWAgnhGNN0pkjFZhW5Ok2z3elfakWliQ4	2025-08-15 17:07:03.632615+03
wzcofuyb8c1rqse36vt98gcmy9da74mp	eyJfY3NyZnRva2VuIjoiUDVoaFNyM2hLVmtOb0hPcGk3RkdoQzViMUhNcjFxOFoifQ:1umYxR:K8cWuel6le6hHruCzF7lRaMdLJoAfU4opvEHMMTZvmw	2025-08-15 17:29:33.934612+03
002jwmkwx03kivodlyamb7syx3e5bdmt	eyJfY3NyZnRva2VuIjoiSldxeFduNlJ5Mml4ZVZSNXJneGpraU1LVVA4bDFQaHUifQ:1umZ02:bG_CcnDhoCCa2YZ4RYx0xta_P8Qr7lpsFqhq_E2Ev4A	2025-08-15 17:32:14.891901+03
fso0edfzfx729w3k856f74fwavbudftb	eyJfY3NyZnRva2VuIjoiemtsa2dKUXFVM0ZUUW1wTEs5c1pyMEJKTTdzSXdGcmoifQ:1umqBP:9c3r13XFiWNNCvAd_lO921U85g3vr-iAg9Z92ssSJi8	2025-08-16 11:53:07.519505+03
ga54o5qckyrnqoiei9h7pae510w45t1k	eyJfY3NyZnRva2VuIjoid1dza2tYc3ZGSHdvYkdhUWxBQXNwVGg1bEVIbHVuZ1AifQ:1unheF:QZb_lPjyLFlhcvZf9xeh_iwRClzskNh0Ge8U7gttKJY	2025-08-18 20:58:27.487729+03
h98goqsyhf772ifumw8o39pt1z6hdcx0	eyJfY3NyZnRva2VuIjoia2FNN1Bza2VXWFRKaUZyUk1LRG5iM1dlMm5VTmdFUnAifQ:1umqD7:1SzMCx4BEOThMc1e95mUFfe_fcxgJLntQv7OUYWItXM	2025-08-16 11:54:53.331506+03
u5zvog8xy1evsy2wh7e9untq7amhowq6	eyJfY3NyZnRva2VuIjoibjd3SlRyQUcxTnNZZ2Q0Vnlrd003VjlsY3lrWmZ1VTIifQ:1unyRs:8n-h4GarKOBIJ99gxSINPyM_PBuVsUT4rJm29pyijjk	2025-08-19 14:54:48.617402+03
vnhe3m8c812ewuv42bcs0scbf9whh94j	eyJfY3NyZnRva2VuIjoieEJtMWZ2VHA2MTFUYU1JbFIxQlE1eGdHckVLOXJwbWMifQ:1umqF8:bvp5dtBYnnXQi7eejehBx3WmijNOusFQGN67Fp5B51w	2025-08-16 11:56:58.559477+03
lyte9matnsoxxuztki0120yfahxhi563	eyJfY3NyZnRva2VuIjoicjBMMjhGQTQ2SUNrWXo3b1BiemxtVlVMN1VnNkN6aHoifQ:1umqIn:AWUGVQDJlOxxTOMxXe4dYtS3UbiJhrbg062DVz8wOtM	2025-08-16 12:00:45.964713+03
hqh439wzkgzjmyaw8110uszkopqrwm35	.eJxVjUELgkAUhP_LniNc3V2tWxIVVCcLyou8fW9NKRRdjSD67-1Ch4SBgRnmmzcrYByqYrSmL2piSybY7D_TgHfT-ALb3sx9YZqhRhjqtplnxlrnq0ma_iYTTgW28hAey0AJIbVR0iie6DhCTTFgIqmUAcmYQwSGOBESKB0tCCgKSerECT0UbV8OrbtwvGd_7PT5keZ4EfjaXQ-3EPbdiW_LbL2RZc4-X_-zTG0:1unheN:dm78iIUQkek_rGQtfE6HwilbNKnD6thLheg2r94W_-I	2025-08-18 20:58:35.981805+03
wo0rfa9lkyd85fm4ryol5z8c7mpx0uco	eyJfY3NyZnRva2VuIjoiT1F4S3A1WHNleE9vN0dKWkd4eHVuMGhpanJES3dvUUgifQ:1umqJD:8g2lD21srks30gR8zpA1z5PjAWEQED0HDwjhtIk7w7w	2025-08-16 12:01:11.588562+03
6apmg0qxjo7pu6bu5jck115skut3dlk5	eyJfY3NyZnRva2VuIjoiS0hqdFZ1UURobWdjeFRmNjVoWTZpbnYza0p6VDdRS1oifQ:1uo0bi:2v6p6DgesoS4GpHZoFoQxiJjrMXwtMBk-k9LRE9tsT0	2025-08-19 17:13:06.793798+03
19kovoie0m5hh1jwqzmzhgzxu8v4nah7	eyJfY3NyZnRva2VuIjoiNkpSYlYwWG9oOXdwTTBaenhZZVY2ek1kYmRHSWFHZHEifQ:1uo0bi:yxBcObPG7YXZC1jb56zcUXYT8syc1z3GI45ZAoyG7bM	2025-08-19 17:13:06.826842+03
5rk0ef0rbghtx7jsw1v8vc5dre47r82k	eyJfY3NyZnRva2VuIjoidmNTVE5IVEI3SmRoT0poZEJTVlBWMmt5UWRxSGRmWXgifQ:1umqKC:5Ujpya5DvEjTyn5_OEy1ZbhtiemmGpLfize-uw-X5Wc	2025-08-16 12:02:12.25636+03
sa64kjp6obyexvkrvry0afdl4wafso54	eyJfY3NyZnRva2VuIjoiSnMyWnptb1BhUTFTMXYyR2NqcXVFUFdvd3ZPYnhVWEgifQ:1umqM7:TbmUQ4VbpnghpFMd5mab3NbtD_Dw8q5gRTymq4B4A7M	2025-08-16 12:04:11.906777+03
r50dm5kgqac6n5dabf4ozxvrnq41fpuh	.eJxVjUELgkAUhP_LnkNc1121W53CIMoI6iRv33uiJAruGkj031PokDAwMMN88xYljL4uR8dD2ZDYilhs_jML-ORuKbAfOFgK7nyD4Ju-C67s3Oy7Vbr_TVacGly9QGSiQxPH2rLRbGRqE4WWEsBUU6VD0okEBUySCAmMVRkBqYi0TWfhAkU3VL6fL2ZeG54OF7wfi8JMKec3-cqiszK2hQf4Kp_E5wvpV0wA:1umqhe:I-YXgiUqHK7s6BAbjf7szOTt9gw-aBUNQeTTxCpBubk	2025-08-16 12:26:26.095205+03
3k2xeimxqbmiswot1u6pjwuc25u5eba8	eyJfY3NyZnRva2VuIjoiVTMwT1c5VUNCemh3TUc0OE5mMWpSMTE4bGV6eHJwMUsifQ:1umrmD:KyD4l-Q2HOv6rwI0g2P7HUbSQLqsB5HoxNsP-oLVX40	2025-08-16 13:35:13.365465+03
xgiys3d3mjghel0ku5pp8mpknz6qkckc	eyJfY3NyZnRva2VuIjoiYmxlUzNNTXlzbDk0SlFpYzVLcXFQRXJEelN4VFZoVUsifQ:1uo0fx:QBTm9nCxFjLYFIqy9sL1PqNr_f9J1RqQi9IQptWXi0g	2025-08-19 17:17:29.641714+03
o0h3ef2ro3591210qyc53k91jhv0rmhq	eyJfY3NyZnRva2VuIjoiallMZEFad3picDI3bkdQOGMyZFVUdENOS2hJTnR5NTcifQ:1umsZi:wfMuMMohYBv65oeXbJgTOEjGcmTYZ0uP7bBBtio6JvE	2025-08-16 14:26:22.273597+03
np2bju8g3thm76zs8ksvwg4e02kem5ab	eyJfY3NyZnRva2VuIjoieUVvRk1oRmd3a0tpb3dnTk5zNmhGQmg1Q0YzRkVMa1UifQ:1umscQ:H0HUgq7wpv1JZxEjzcILa0pUoRyIm_N4rWVY3ekGpYA	2025-08-16 14:29:10.416724+03
d1261ba22bi61ouxfwbk4iip2qc99bto	.eJxVjU0LgkAURf_LrEOcD2e0XRIRRiszoo2Mb96gBCM4I4TRf0-jRa4unMs990VqPYa2Hj0OdWfIllCy-WeNhge6pYB-wGgp0IUOdOh6F5Xo_Zy7Fc1_k5Wn1b6dJTaJZaZ5ikYJmjQs08aAZEooJmmTcmtApZgyLgEpEwY1QiOBJ0wII-lXCn6woZ8vZt90ycvD837L0U7xOFTTvrpSpYuzk8cTLyh5fwC-SEsm:1uo0oX:UQBz-lyzmzGE3k1eAQelA5Kx8NX1iZYNJgIe5cBn0zU	2025-08-19 17:26:21.602525+03
fkaagudgmdbbgtld73608y9fu88wqbj4	.eJxVjTELgzAUhP9L5lK0-qLtpkuhLWptFyd5yYsogilJnEr_exPoUOHg4I777s16XN3Yr1aZfiJ2Ypzt_jOBclZLKKQ2ah8KtbhJopv0sn8oa70Xm7T8TTacEe0YIHEGEU9TEIqD4nEuskQKylDmQANEBFmMCSqKiSQhF8mRkJIDgci9ZIBKawan_YXndTNgWYzDuX11rRH5pdY33SwNVNX9WV1r9vkC9zNMMw:1umslo:Yf7vfP-Qp_IwrR3cIYdqsz_BEOuO6ZcGoSNmFB-mbzw	2025-08-16 14:38:52.509596+03
ji6xj8rx8gper5i0szv0wor1t8rxjftf	eyJfY3NyZnRva2VuIjoiOTBQUHh6bHQ4ejk1dlBYYkVIZkhyZGJTZmZXeDJHRGsifQ:1uo0t6:_tqLcJxfn0V3pMGR0ZcNUD37UIHwRVVjpXLfEUWXRFg	2025-08-19 17:31:04.41985+03
cmzl65kywzcx0u8pefhvthh9jeipsbxl	eyJfY3NyZnRva2VuIjoiSnZlMWpQYVRoMko4NmV0SXM0d2Z1ZG5vV3hwZWhDVmkifQ:1umtPD:FgZSopNW9H5Hpc4SSNUSpJHZ157o5oLBYmc-hagQpUc	2025-08-16 15:19:35.567134+03
irccgfq6ew9jpxfk98fkcz5x1u8sue53	eyJfY3NyZnRva2VuIjoiVVpmZFJ6Y0lsNk01RDJDZzlHdzBralhVRXNVdW9oUGEifQ:1umtTf:bHtA5Fhb_mzLpv3l6rX_eeDsbrwUO1c4hi10-qnP8lw	2025-08-16 15:24:11.328396+03
baa9t7vxhsiynq9jrw3xgegivh7hsnqr	eyJfY3NyZnRva2VuIjoiRkJBRHZRSmhicFBRY3UxM0tOalhKY2wyRDNRMU5BZVAifQ:1umtZV:1myWiAm3uMMMSEqbUcu0o46HbKbeewJL5p8nR-LQTKA	2025-08-16 15:30:13.319751+03
amb7uvyh033se0z93hrs24gzh1pkvyey	.eJxVjcsKwjAURP8laynm0aR1ZzdKqRtFiquS3tw-EFJIGhXFf7cVF3Y1cIY58yKVDmNXBY-u6g3ZEEpW_6zWcEU7FzA4jOYC7diDHvvBRif0fsrtgma_ycLTad9NkiZey1TzBI0SNK5Zqo0ByZRQTNI64Y0BlWDCuASkTBjUCLUEHjMhjKRfKXjXjMN0MflsKvMDL3e0bY_h7LNLnt1vheNPuS_Do8jJ-wOxVUtc:1uo0tP:PzG8jHyWWghV99Wo8M5_OjBMDMHBC8uDSeao7iUL6Ls	2025-08-19 17:31:23.834366+03
lw3oiuiwbtmxkudk1205f32p56thrqa9	eyJfY3NyZnRva2VuIjoiQktoc0lrTFVLQ3h2VWlsSDlwa25sdXRENTZTRnQ2SUoifQ:1umtcj:5WXbpBZRHqnaCHQJM9CfTCcI3b9xL4Apq1B8hXbPAjU	2025-08-16 15:33:33.663383+03
r3dobpriyciwwe7e84rmucgeedbk57y0	.eJxVjc0KgkAYRd9l1iHOr2O7fqAwicAicCPjN5-MVAqOLiJ69zRa5OrCudxzX6QwQ--KwWNX1JYsCSWLf1YauGEzFdB2GEwFNn0Npq_bJsjQ-zFXM7r-TWYeZ7wbJZUMVWy4RhsJKksWG2tBsUhETNFS88pCpFEzrgApExYNQqmASyaEVfQrBd9VfTtejD6Z8HSz0y6_uvNePaU6XMKVztPscUrccXsn7w-fGEpY:1uo161:jrvaxVGLtBem_P5S4pdeexv82Tz_MlYaE7EVPdV1O3g	2025-08-19 17:44:25.675487+03
pqck4i900z2o076gx4t7nl0nqml3ql1d	eyJfY3NyZnRva2VuIjoiVDM4Y3V1TUV1MTR5R1Z4Y3pXOW9FVm5oU3E0MnVDSEYifQ:1umteO:uEhNfWOzvxvQ9vvcgNZ_jHhPPoVsjV4J_xxdT2aKGe0	2025-08-16 15:35:16.504988+03
gpmwbbyobu4u3fo99rcdy3b91tik02xn	.eJxVjUELgjAYhv_LziFtzk272aFDBEEFghfZvn1DESa4LYvov6fRIU8vPC_v875Io2Jom-hxbDpDdoSSzT_TCnp0SwHDiMlSoAsdqNANLrmi93OWK7r_TVaeVvl2lthsKwqV5mgkp5lmhTIGBJNcMkF1nloDMsecpQKQMm5QIWgBacY4N4J-peBHG4b5YvH1Ij5C1AdWHempri-Tle5WPvs4nt19qsj7A8d1THA:1uo16V:Wbd5SHWYDsK5jMtxS5MJA7bWrvpZtwRRTt-v9prJ3y0	2025-08-19 17:44:55.098559+03
uzwb3gp1gff66tnuq8r3b3m1cu8dgjay	.eJxVjbsOgkAURP9la0PcJ2CnhSHGAh-F2pDduxch6JKwSyiM_y4YC6kmOZM58yKF7kNV9B67orZkRShZ_DOjoUE3FdB2GE0FulCDDnXrohN6P-Z6Rje_ycxTaV-NklIuVap5gjYWVBqWamtBsVjETFGT8NJCnGDCuAKkTFjUCEYBl0wIq-hXCr4rQztejL7j7XFph3OThzIf6HbI3c5Lbp7ucM32d5mR9wfJHkvo:1uo18n:rWamkY1WfQnL6mBZjX-ntUBGXd5ZWIaZKd_N4PBSE-A	2025-08-19 17:47:17.428683+03
nkgtxr461o4pya3lldg14viq8d23i5co	eyJfY3NyZnRva2VuIjoiNGhIYXJhMXlLWFp4Qkt3RUVaMFk3eEhnZWROSlpMSDcifQ:1unAUx:ZqMVa6Jqn2wHzzxVbrdxNy37eiZFAGFfupYi8Wuv7mI	2025-08-17 09:34:39.523262+03
lqz9e88fovrmhy789xp1j3gbz2oclgki	eyJfY3NyZnRva2VuIjoiSWRqUG53ajFKRGZWRFJLZHdDVG45YzlhdWVSNjY5N2gifQ:1unAVM:1fOow5tecvKS6Jgkw4N1B2pxfGzlkKsyF_rGLxdrDn8	2025-08-17 09:35:04.491314+03
uuhdqvro7mrspzq79tkbhb90603hm00y	.eJxVjcsKwjAURP8la5Hm1TTuVBQrCD5QpJuS3tyQIrTQpKCI_24LLuxq4Axz5k1K00df9gG7srZkQSiZ_bPKwAObsYC2w_lYYBNrMLFum_kFQxhyOaGr32Ti8Sb4QSJSRtFKBYZzJTRYazh1TGaCS2W00zRjkleYsUSkgBac08iw4hkgBSNHKYTOxXa4GHz-5vfn_CpOqnntUpGE4rB9eplvivWx13dGPl-xdErz:1unAe5:hi_6w5m-ctcb301UPzByDgiE8Zfc1O-GBodEdEN89x4	2025-08-17 09:44:05.944708+03
qbj15ho8ojant44gikmc4mkuvndtikjo	eyJfY3NyZnRva2VuIjoiRDVGYTV5eHpseThMZEJWMWVBQ3RNaEh5eXRraTRxcEkifQ:1unDZo:4o3B5lydbTw2qU2rBMv9C7J4OgAeS9vPsv_H3cRj4rY	2025-08-17 12:51:52.905331+03
f0kr4r9yhivyu3n4gk5uxffyojgmxg24	eyJfY3NyZnRva2VuIjoiR0JvZTBhcWVRTHJ5U2ZzU2dhUzN2eXEwRkcwOFNrNEUifQ:1unDdq:wSaVxGw2HRZxN5MwmASmfUETL8aNUMsMJGT34FWNOxc	2025-08-17 12:56:02.731667+03
5reblx7mnu029pukjfuzosy7jpkxlm3r	eyJfY3NyZnRva2VuIjoiSGZGdENGZVdQVXVWb0ZRREUxVXVmZDY1UzAwTW5lOEkifQ:1unDh1:GClAyr9ZYeM67VBtR1ZSJ6hym12IA7nNx_SJTkeUTc0	2025-08-17 12:59:19.232505+03
05txqixktwk9hrb72srwx5yt982beetu	eyJfY3NyZnRva2VuIjoiNGhMbzVFOXZhNmpKcDF5OXZBcHp3ZzJLd2ROMFJsQkwifQ:1unDh2:FA1KOZF571DyNbaqCrJK0dR1nvDK4U4mNxvhs8CGWhE	2025-08-17 12:59:20.763484+03
p236ed1gu0gc66igtpg5q8tde6aycyam	eyJfY3NyZnRva2VuIjoiY2xwY08zNTlXRWZuS0xldHdyUUpBT0lsUUJNRXVoamQifQ:1unDlu:QP47fJa1lbjK1VqQD-M7yiAVmkjoc-u1Q7jyZa2ByPQ	2025-08-17 13:04:22.201868+03
48aguj4pvcpl2dsb21rgglhjzj43mchl	eyJfY3NyZnRva2VuIjoiMUZweEV6SDhjRDVEQ3ltWUhib0thMVd0SmRuenlTcG4ifQ:1unDoq:lVdv3KBQzuVqZhxp_ocN7eovAPh9WKcMu_KjpxhGk3s	2025-08-17 13:07:24.220106+03
ga97xuenkvm3drug9nlif56hnpmbmdza	eyJfY3NyZnRva2VuIjoiSDY2TW5vVWVEMDNQMUprN2ZVU0JaY25ySDFwVGJqRHEifQ:1unDoq:5dC82oMR9JIOjkjoxP6FQ7iKX3mkBydW7GFNL56IKFM	2025-08-17 13:07:24.359054+03
j6cpd0pfpj7oqrpoh7uc1z8y5xhj107r	eyJfY3NyZnRva2VuIjoiZjNtWGplbnNUTzlhWEtJNm1paXVsdE1idTZoMHJScUUifQ:1unTZ8:QtRew_urfxARa38gvQeQT0AK3KONWnBRtz8FELhyM3c	2025-08-18 05:56:14.624491+03
japsbpjn0ilm3w66yta8qbdxlg0ya753	.eJxVjcsKgzAURP8l6yJJjF7TndlV2o39ALl5qRQimNguSv-9Ebqoq4EzzJk3GXBL07BFtw6zJWfCyOmfaTQPF_bCLKsr9sKFNBtM8xKKu4sxZ3ug6jc5eCaMU5YAaM8ZNY2nUiMV1BkruACsQHrg2tQObcWa0mgsoeJQeoHga2drCszKXWri6tOSL7JPBRZvdHt2SetyG1WUNVPXcaJ9d2l7-yKfL70zSy8:1unTaN:-MWuoKAaR_LtZT--bc1fGfOLjtr-7hR3S7SnLtFsDAg	2025-08-18 05:57:31.728796+03
nc9pafg0ceka2zf8docvyzn84inbeg6k	.eJxVjbEOgjAURf-lsyGlFB64iYlxMA6S6Ehe21dBlCZtmYz_LiQOMt3k3Nxz36zFKXbtFMi3vWFblrLNP1OoBxqXQjtPyVLQGHuNsXdj0lAIc-5WtP5NVp4OQzdLAJQVKdel5ZVCLjlpI4UEzKGyIJQuCE2elplWmEEuILMSwRZkCg6pqRapDt5GN1_MPh79i65nUZS5I964w6V_PsbjrbsbOZz2Nft8Ab3mS1s:1unTaV:FdOLeH81UKkry42iI0U1yusfXj4WrR7KGH7aNyODU7I	2025-08-18 05:57:39.181004+03
xe8wurw8x3ob86v17qyzckpnnkmxuvvd	eyJfY3NyZnRva2VuIjoibEVxamxtUzRUOTI4a0ZqS2FQd1E0MXBzOFlNVUFRRTcifQ:1unU0i:OqTmOhp886lfgYyGB5BrELsYo9L6APzyKsMTM2ZeoF8	2025-08-18 06:24:44.198805+03
9oru7skvfuzpslhbpupfofrt7cdub82p	eyJfY3NyZnRva2VuIjoianNjbEFMNUdGT0trMkFMNm9MbU54T2ZiVDI3NU1mRWUifQ:1unUJP:1gmAenJPfMk2cLWBO0z4fnMg9JkH7A5fR6ceVGwQKz0	2025-08-18 06:44:03.782252+03
uojst12w5glu1pi6plnzhf8fdqb6dnlp	eyJfY3NyZnRva2VuIjoiNHZxY1E3MWp0WmVQNEwzTUU4OVdhejBKSTVTRVBJSjIifQ:1unUJv:xa6QLNuOiuKnKzXeHCjEDnSBGJh7Jrr_wLjJfxdAAOo	2025-08-18 06:44:35.396194+03
o1fbrdbe9unw8pudc2hro109uglgqy44	eyJfY3NyZnRva2VuIjoiOGcxb09MREtVSUF5RTRTSjczOWRyd3VZbXNJb1VYNXMifQ:1unUSL:oUSXllCva6A4kx7U_cWjK1rnHgtX7eRBoIvuT82CGWA	2025-08-18 06:53:17.631064+03
afr2vdn8ei3reyzyoxwtuzoi316pzp2k	eyJfY3NyZnRva2VuIjoiRkxReTZnRUVJbGlZc0VzVUhpdTFQVFJVM3VBc0JqMGEifQ:1unUUy:GCEkWaIJdKfzpZkK2xSufFX1DUQ5offOwnHPBcNRJyE	2025-08-18 06:56:00.847241+03
c486vooarrjen0os70rsstvtgguwgl6q	eyJfY3NyZnRva2VuIjoiWjNKa0xuVk5GbTU0OUlFWFc3UUxHTDhRblpoeGtVVE4ifQ:1unew1:ToQofNzdBLjxBpDzd9suQD-FkyLB_y0-o8a85yoGqw4	2025-08-18 18:04:37.206116+03
krm8mg9a51yhdpi465y7fde3vm5pw9g5	.eJxVjUELgkAUhP_LniNc1121mwaCEBlIly7y9r0VJVLYXQ8V_fdW6JAwMDDDfPNmHSx-6BZnbDcSOzDJdv-ZBrybaS1wtma_FmbyI4If52nfGueCF5u0_E02nAHcsEJ4KiOVJFIbJY3imU4FakoBM0m9jEimHAQY4kRIoLTICUjEJHUWhCsUne39HC4C71LH-Hy057Iqcnvrr6JpmtexOtVZ3uRlm7DPF-pBS1A:1unewF:2UgnZDFyKYeJmM-0ayw1OM_XH6UDmzOCKqk9NUiGAWM	2025-08-18 18:04:51.964366+03
dpsx7pvudhbjpk1m95cb0t2a3ylhma39	eyJfY3NyZnRva2VuIjoicFFISndhYUozQjNFVVZMTE1DUHE2ZlFkWTY0NHlHUUYifQ:1unewO:MbDf2IzwSwByOmo0gr03OT-vmkQxsne330b3DMqpAgs	2025-08-18 18:05:00.866221+03
5s6n88ajhxey4fln0gszodixoe3fc9cm	eyJfY3NyZnRva2VuIjoiTE9OMVVxRmRLdldjbDd6Q1NyeTFVZXJUQ2JYR2NTalEifQ:1ungpU:h6wQdp2kVO3fiEe6--EzC0cyNE7wA5kr3VQW4bXoJOA	2025-08-18 20:06:00.077202+03
h5ray25o8nmwlmyjm8738nlsqqvq8fit	eyJfY3NyZnRva2VuIjoiRFhWbWtQRnJYR2M1N29aNWN0dzZqSTc3ZTFYcHN1b2sifQ:1ungy5:NehycvzZXl5h6vtzxOQusxMKhFG2RICtAkLThNkZsd8	2025-08-18 20:14:53.075786+03
kkp7b68iuv3atvedzcghrib2c013ttkj	eyJfY3NyZnRva2VuIjoiMHhybmMwM1Z3REV3eDJPMk9RVFpWY1NKUmNwTWNHU2IifQ:1unh3a:owsuzBcMP9S5HYG4o5f7ZTk-nYYSYlOVDqyC6zpH-UU	2025-08-18 20:20:34.96194+03
rkqcw8mlfiwybj60y8hu15w17rrepoyg	eyJfY3NyZnRva2VuIjoiWDZ3T0RHb0NJa011MjRIbHp0U09ic3NrM21MTG9FRkQifQ:1unh4E:0nPQsI1gnL_-Aryt60dau_iAl_g5uVzoMwdWsvENXaY	2025-08-18 20:21:14.257225+03
c3ya1qvgy1kg6vpuw6yc8zsj2w8zb85q	eyJfY3NyZnRva2VuIjoid1Zrd3YxU0lnS2hYUTFEVmNmcERZMndISmpaQXdxN2cifQ:1unh5k:QLJnBmUNuRyP1tMolZjuOupLfeqJJ-G9PR21GUmk8O8	2025-08-18 20:22:48.406016+03
xujpi6zbukkmazv7nqwvi1a6aohqa70j	eyJfY3NyZnRva2VuIjoibWxIcXpLWTlWUzdPTUhJbVZpQkYwNnVBNGR3YVdBRzQifQ:1unhUy:ClDny00BX3ch5PXFEGHjfFGb78eh9ObLonh62yK72tE	2025-08-18 20:48:52.59716+03
x82f9iwjptww36v7k1h8ne2kobxct4jh	eyJfY3NyZnRva2VuIjoiSFZ5VjgyTDFVekxuYWJNM1hlZUpsNnhCU3VROGZtWVQifQ:1unhWE:gDVRMQlgvq8EDGBFOAek4f78byHJSAMPisqUpx9sIPw	2025-08-18 20:50:10.80029+03
aro4jm2inbhqz1e06wk8flapxgke14qe	.eJxVjUELgkAUhP_LnkNc112tWwUhBUF2iS7y9r01NdRy14Ki_55Ch4SBgRnmmzfLoHdF1lvTZSWxBRNs9p9pwKtpxgLbznhjYRpXIriybbyjsXbw5SRd_SYTTgG2GCE8kr4KQ6mNkkbxWEcCNUWAsaRc-iQjDgIMcSIkUFrMCUgEJHU8CEco2i537XAx8FLc7ILt62DlHs9gH2Jd3eu0vlTJk9_85MQ-X_iATJ4:1unhWL:dLO2oeqLWkputf1NkucKxNXQ2hv1uiIMPTu1aOhHvvA	2025-08-18 20:50:17.327899+03
ukzpi3xwa52i3icizctttbq3qrsyjepg	eyJfY3NyZnRva2VuIjoiWThnc0ttZnBjMFZqZzB2UFJPQnRSZDFHM0ZiU2I0Vk4ifQ:1unhXD:ALLwuWiwRIPbMldOt9kik7oqukEI-tbGnp1P72Cw7hQ	2025-08-18 20:51:11.000904+03
\.


--
-- Data for Name: inventory_auditlog; Type: TABLE DATA; Schema: public; Owner: postgres
--

COPY public.inventory_auditlog (id, "timestamp", action, object_id, details, notes, content_type_id, user_id) FROM stdin;
1	2025-08-13 12:50:35.205757+03	create	1	{"product_name": "Pepsi"}	Product created via system auto-log	18	\N
\.


--
-- Data for Name: inventory_barmanstock; Type: TABLE DATA; Schema: public; Owner: postgres
--

COPY public.inventory_barmanstock (id, quantity_in_base_units, minimum_threshold_base_units, running_out, last_stock_update, original_quantity, bartender_id, branch_id, original_unit_id, stock_id) FROM stdin;
1	116.00	6.00	f	2025-08-15 11:55:50.512027+03	116.00	2	1	1	1
\.


--
-- Data for Name: inventory_category; Type: TABLE DATA; Schema: public; Owner: postgres
--

COPY public.inventory_category (id, category_name, description, created_at, updated_at, item_type_id) FROM stdin;
1	Main Dish	\N	2025-08-13 12:49:32.258812+03	2025-08-13 12:49:32.259558+03	1
2	Soft Drink	\N	2025-08-13 12:49:52.107758+03	2025-08-13 12:49:52.108348+03	2
\.


--
-- Data for Name: inventory_inventoryrequest; Type: TABLE DATA; Schema: public; Owner: postgres
--

COPY public.inventory_inventoryrequest (id, quantity, status, reached_status, created_at, responded_at, notes, branch_id, requested_by_id, responded_by_id, product_id, request_unit_id) FROM stdin;
1	3.00	fulfilled	t	2025-08-13 12:56:35.574125+03	2025-08-13 12:57:01.332332+03	\N	1	2	2	1	2
2	2.00	fulfilled	t	2025-08-14 06:17:57.681111+03	2025-08-14 06:20:04.16985+03	\N	1	2	2	1	2
3	2.00	fulfilled	t	2025-08-14 10:23:17.957776+03	2025-08-14 10:24:11.066233+03	\N	1	2	2	1	2
4	3.00	fulfilled	t	2025-08-15 11:52:54.652745+03	2025-08-15 11:55:50.521328+03	\N	1	2	2	1	2
\.


--
-- Data for Name: inventory_inventorytransaction; Type: TABLE DATA; Schema: public; Owner: postgres
--

COPY public.inventory_inventorytransaction (id, transaction_type, quantity, quantity_in_base_units, transaction_date, price_at_transaction, notes, branch_id, from_stock_barman_id, initiated_by_id, to_stock_barman_id, product_id, transaction_unit_id, from_stock_main_id, to_stock_main_id) FROM stdin;
1	store_to_barman	3.00	30.00	2025-08-13 12:57:01.307227+03	\N	Fulfilled request #1 by bartender_user1.	1	\N	2	1	1	2	1	\N
2	store_to_barman	2.00	20.00	2025-08-14 06:20:04.099644+03	\N	Fulfilled request #2 by bartender_user1.	1	\N	2	1	1	2	1	\N
3	store_to_barman	2.00	20.00	2025-08-14 10:24:11.039399+03	\N	Fulfilled request #3 by bartender_user1.	1	\N	2	1	1	2	1	\N
4	restock	1.00	10.00	2025-08-14 14:22:29.989647+03	25.00	Restocked 1 carton(s) by manager_user1	1	\N	5	\N	1	2	\N	1
5	store_to_barman	3.00	30.00	2025-08-15 11:55:50.372814+03	\N	Fulfilled request #4 by bartender_user1.	1	\N	2	1	1	2	1	\N
\.


--
-- Data for Name: inventory_itemtype; Type: TABLE DATA; Schema: public; Owner: postgres
--

COPY public.inventory_itemtype (id, type_name, created_at, updated_at) FROM stdin;
1	Food	2025-08-13 12:49:27.549517+03	2025-08-13 12:49:27.550012+03
2	Beverage	2025-08-13 12:49:38.139125+03	2025-08-13 12:49:38.139662+03
\.


--
-- Data for Name: inventory_product; Type: TABLE DATA; Schema: public; Owner: postgres
--

COPY public.inventory_product (id, name, description, base_unit_price, volume_per_base_unit_ml, receipt_image, is_active, created_at, updated_at, category_id, base_unit_id) FROM stdin;
1	Pepsi	10	24.99	\N		t	2025-08-13 12:50:35.189179+03	2025-08-13 12:50:35.189555+03	2	1
\.


--
-- Data for Name: inventory_productmeasurement; Type: TABLE DATA; Schema: public; Owner: postgres
--

COPY public.inventory_productmeasurement (id, amount_per, is_default_sales_unit, created_at, updated_at, product_id, from_unit_id, to_unit_id) FROM stdin;
1	10.0000	t	2025-08-13 12:50:35.221361+03	2025-08-13 12:50:35.221609+03	1	2	1
\.


--
-- Data for Name: inventory_productunit; Type: TABLE DATA; Schema: public; Owner: postgres
--

COPY public.inventory_productunit (id, unit_name, abbreviation, is_liquid_unit, created_at, updated_at) FROM stdin;
1	bottle	bottle	f	2025-08-13 12:48:43.828981+03	2025-08-13 12:48:43.829233+03
2	carton	carton	f	2025-08-13 12:48:53.787404+03	2025-08-13 12:48:53.788073+03
3	liter	liter	f	2025-08-13 12:49:01.025719+03	2025-08-13 12:49:01.026086+03
4	shot	shot	f	2025-08-13 12:49:11.912409+03	2025-08-13 12:49:11.912539+03
\.


--
-- Data for Name: inventory_stock; Type: TABLE DATA; Schema: public; Owner: postgres
--

COPY public.inventory_stock (id, quantity_in_base_units, minimum_threshold_base_units, running_out, last_stock_update, original_quantity, branch_id, original_unit_id, product_id) FROM stdin;
1	90.00	1.00	f	2025-08-15 11:55:50.499666+03	16.00	1	2	1
\.


--
-- Data for Name: item_type; Type: TABLE DATA; Schema: public; Owner: postgres
--

COPY public.item_type (id, type_name, category) FROM stdin;
\.


--
-- Data for Name: menu_menu; Type: TABLE DATA; Schema: public; Owner: postgres
--

COPY public.menu_menu (id, name, is_active, created_at, updated_at) FROM stdin;
\.


--
-- Data for Name: menu_menu_items; Type: TABLE DATA; Schema: public; Owner: postgres
--

COPY public.menu_menu_items (id, menu_id, menuitem_id) FROM stdin;
\.


--
-- Data for Name: menu_menucategory; Type: TABLE DATA; Schema: public; Owner: postgres
--

COPY public.menu_menucategory (id, name) FROM stdin;
1	Soft Drink
2	Main Dish
\.


--
-- Data for Name: menu_menuitem; Type: TABLE DATA; Schema: public; Owner: postgres
--

COPY public.menu_menuitem (id, name, description, price, item_type, is_available, created_at, updated_at, category_id, product_id) FROM stdin;
2		Traditional Gurage Ethiopian Food	12000.00	food	t	2025-08-13 15:22:33.175458+03	2025-08-16 13:02:37.417415+03	2	\N
3	shekila	leb leb	1300.00	food	t	2025-08-16 13:04:04.946104+03	2025-08-16 13:04:04.946162+03	2	\N
1	Pepsi	Newly Pepsi	60.00	beverage	t	2025-08-13 13:21:02.202279+03	2025-08-17 18:05:49.442907+03	1	1
\.


--
-- Data for Name: menu_menusection; Type: TABLE DATA; Schema: public; Owner: postgres
--

COPY public.menu_menusection (id, name, created_at, updated_at, menu_id) FROM stdin;
\.


--
-- Data for Name: orders_order; Type: TABLE DATA; Schema: public; Owner: postgres
--

COPY public.orders_order (id, order_number, food_status, beverage_status, created_at, updated_at, total_money, waiter_notified_beverage, cashier_status, payment_option, assigned_to_id, branch_id, created_by_id, table_id, receipt_image) FROM stdin;
1	20250813-01	not_applicable	pending	2025-08-13 13:25:31.14306+03	2025-08-13 13:30:21.119614+03	50.00	pending	ready_for_payment	cash	\N	1	1	1	\N
2	20250813-02	not_applicable	pending	2025-08-13 15:19:33.683471+03	2025-08-13 15:20:02.386753+03	100.00	pending	ready_for_payment	cash	\N	1	1	1	\N
3	20250813-03	not_applicable	pending	2025-08-13 15:19:55.848115+03	2025-08-13 15:20:13.140024+03	50.00	pending	ready_for_payment	cash	\N	1	1	1	\N
5	20250813-05	completed	not_applicable	2025-08-13 17:10:00.937326+03	2025-08-17 20:56:18.66432+03	1200.00	pending	pending	cash	\N	1	1	2	
56	20250814-14	completed	completed	2025-08-14 14:54:50.672276+03	2025-08-14 17:49:02.305199+03	2800.00	pending	ready_for_payment	cash	\N	1	1	4	\N
50	20250814-13	completed	completed	2025-08-14 10:47:16.968812+03	2025-08-14 17:50:13.871358+03	4150.00	pending	ready_for_payment	cash	\N	1	1	1	\N
49	20250814-12	completed	completed	2025-08-14 10:41:57.093312+03	2025-08-14 17:50:16.583599+03	3850.00	pending	ready_for_payment	cash	\N	1	1	1	\N
6	20250814-01	completed	completed	2025-08-14 06:14:01.483376+03	2025-08-14 06:16:21.034167+03	2600.00	pending	printed	cash	\N	1	1	3	\N
48	20250814-11	completed	completed	2025-08-14 10:36:03.464695+03	2025-08-14 17:50:22.091933+03	3800.00	pending	ready_for_payment	cash	\N	1	1	1	\N
47	20250814-10	completed	completed	2025-08-14 10:05:31.144994+03	2025-08-14 17:50:27.655155+03	3750.00	pending	ready_for_payment	cash	\N	1	1	1	\N
46	20250814-09	completed	completed	2025-08-14 10:05:14.5774+03	2025-08-14 17:50:32.474805+03	2650.00	pending	ready_for_payment	cash	\N	1	1	1	\N
45	20250814-08	completed	completed	2025-08-14 09:08:48.501374+03	2025-08-14 17:50:37.326175+03	3750.00	pending	ready_for_payment	online	\N	1	1	1	\N
44	20250814-07	completed	completed	2025-08-14 09:08:08.789938+03	2025-08-14 17:50:42.806282+03	2600.00	pending	ready_for_payment	cash	\N	1	1	1	\N
43	20250814-06	completed	completed	2025-08-14 08:43:43.106656+03	2025-08-14 17:53:31.885533+03	3800.00	pending	ready_for_payment	cash	\N	1	1	1	\N
57	20250814-15	completed	completed	2025-08-14 17:56:27.484081+03	2025-08-14 18:23:40.84724+03	1250.00	pending	ready_for_payment	cash	\N	1	1	1	\N
58	20250814-16	completed	completed	2025-08-14 18:27:21.402189+03	2025-08-17 20:57:04.070592+03	2500.00	pending	printed	cash	\N	1	1	2	
66	20250817-01	completed	not_applicable	2025-08-17 06:20:52.879011+03	2025-08-17 07:03:10.467174+03	13300.00	pending	printed	cash	\N	1	1	3	
68	20250817-03	completed	not_applicable	2025-08-17 06:37:43.213558+03	2025-08-17 17:47:49.438827+03	12000.00	pending	printed	cash	\N	1	1	1	
4	20250813-04	completed	not_applicable	2025-08-13 16:44:45.131376+03	2025-08-17 20:58:00.99074+03	1200.00	pending	printed	cash	\N	1	1	1	
42	20250814-05	completed	completed	2025-08-14 08:26:38.255111+03	2025-08-14 17:07:41.588106+03	3750.00	pending	ready_for_payment	\N	\N	1	1	1	\N
41	20250814-04	completed	completed	2025-08-14 08:25:32.492314+03	2025-08-14 17:07:42.737434+03	3750.00	pending	ready_for_payment	\N	\N	1	1	1	\N
40	20250814-03	completed	completed	2025-08-14 08:24:35.099839+03	2025-08-14 17:07:46.25276+03	3750.00	pending	ready_for_payment	\N	\N	1	1	1	\N
7	20250814-02	completed	completed	2025-08-14 07:50:36.482581+03	2025-08-14 17:07:51.459645+03	3700.00	pending	ready_for_payment	\N	\N	1	1	3	\N
72	20250818-01	pending	pending	2025-08-18 09:26:49.942729+03	2025-08-18 10:29:17.672607+03	25360.00	pending	pending	cash	\N	1	1	3	
60	20250815-02	completed	completed	2025-08-15 11:10:46.202089+03	2025-08-15 11:37:55.997652+03	1250.00	pending	pending	online	\N	1	1	4	\N
67	20250817-02	completed	completed	2025-08-17 06:28:01.966979+03	2025-08-17 20:23:17.996233+03	12100.00	pending	printed	cash	\N	1	1	3	
70	20250817-05	completed	completed	2025-08-17 17:49:57.382898+03	2025-08-17 20:32:21.903235+03	24100.00	pending	printed	cash	\N	1	1	1	
65	20250816-01	completed	completed	2025-08-16 11:42:27.48862+03	2025-08-17 20:33:19.15295+03	1400.00	pending	printed	online	\N	1	1	4	
69	20250817-04	completed	not_applicable	2025-08-17 06:50:45.072047+03	2025-08-17 20:14:34.374905+03	24000.00	pending	printed	online	\N	1	1	3	
71	20250817-06	completed	not_applicable	2025-08-17 17:55:01.055349+03	2025-08-17 20:14:46.019203+03	27900.00	pending	printed	cash	\N	1	1	3	
\.


--
-- Data for Name: orders_orderitem; Type: TABLE DATA; Schema: public; Owner: postgres
--

COPY public.orders_orderitem (id, name, quantity, price, item_type, status, order_id, product_id) FROM stdin;
1	Pepsi	1	50.00	beverage	accepted	1	\N
2	Pepsi	2	50.00	beverage	accepted	2	\N
3	Pepsi	1	50.00	beverage	accepted	3	\N
7	Pepsi	4	50.00	beverage	accepted	6	\N
6		2	1200.00	food	accepted	6	\N
9	Pepsi	2	50.00	beverage	accepted	7	\N
42	Pepsi	3	50.00	beverage	accepted	40	\N
44	Pepsi	3	50.00	beverage	accepted	41	\N
46	Pepsi	3	50.00	beverage	accepted	42	\N
48	Pepsi	4	50.00	beverage	accepted	43	\N
50	Pepsi	4	50.00	beverage	accepted	44	\N
52	Pepsi	3	50.00	beverage	accepted	45	\N
56	Pepsi	3	50.00	beverage	accepted	47	\N
59		3	1200.00	food	accepted	49	\N
57		3	1200.00	food	accepted	48	\N
55		3	1200.00	food	accepted	47	\N
53		2	1200.00	food	accepted	46	\N
58	Pepsi	4	50.00	beverage	accepted	48	\N
60	Pepsi	5	50.00	beverage	accepted	49	\N
51		3	1200.00	food	accepted	45	\N
49		2	1200.00	food	accepted	44	\N
47		3	1200.00	food	accepted	43	\N
45		3	1200.00	food	accepted	42	\N
62	Pepsi	10	50.00	beverage	accepted	50	\N
43		3	1200.00	food	accepted	41	\N
41		3	1200.00	food	accepted	40	\N
8		3	1200.00	food	accepted	7	\N
76	Pepsi	1	50.00	beverage	accepted	56	1
78	Pepsi	2	50.00	beverage	accepted	56	1
77		1	1200.00	food	accepted	56	\N
54	Pepsi	5	50.00	beverage	accepted	46	\N
80	Pepsi	1	50.00	beverage	accepted	50	1
79	Pepsi	1	50.00	beverage	accepted	56	1
75	Pepsi	4	50.00	beverage	accepted	56	\N
74		1	1200.00	food	accepted	56	\N
61		3	1200.00	food	accepted	50	\N
82	Pepsi	1	50.00	beverage	accepted	57	\N
81		1	1200.00	food	accepted	57	\N
83		1	1200.00	food	accepted	58	\N
86		1	1200.00	food	accepted	58	\N
91	Pepsi	1	50.00	beverage	accepted	60	\N
116	shekila	1	1300.00	food	accepted	71	\N
115	shekila	2	1300.00	food	accepted	71	\N
90		1	1200.00	food	accepted	60	\N
114		1	12000.00	food	accepted	71	\N
111		2	12000.00	food	accepted	69	\N
113		2	12000.00	food	accepted	70	\N
117		1	12000.00	food	accepted	71	\N
112	Pepsi	2	50.00	beverage	accepted	70	\N
109	Pepsi	2	50.00	beverage	accepted	67	\N
110		1	12000.00	food	accepted	68	\N
108		1	12000.00	food	accepted	67	\N
106		1	12000.00	food	accepted	66	\N
107	shekila	1	1300.00	food	accepted	66	\N
104	Pepsi	3	50.00	beverage	accepted	65	\N
105	Pepsi	1	50.00	beverage	accepted	65	1
103		1	1200.00	food	accepted	65	\N
84	Pepsi	1	50.00	beverage	accepted	58	\N
85	Pepsi	1	50.00	beverage	accepted	58	1
5		1	1200.00	food	accepted	5	\N
4		1	1200.00	food	accepted	4	\N
118		2	12000.00	food	pending	72	\N
120	Pepsi	1	60.00	beverage	pending	72	1
121	shekila	1	1300.00	food	pending	72	\N
\.


--
-- Data for Name: orders_orderupdate; Type: TABLE DATA; Schema: public; Owner: postgres
--

COPY public.orders_orderupdate (id, update_type, status, items_changes, created_at, processed_at, notes, rejection_reason, total_addition_cost, created_by_id, original_order_id, processed_by_id) FROM stdin;
2	addition	pending	{"items": [{"name": "Pepsi", "price": 50.0, "quantity": 4, "item_type": "beverage"}]}	2025-08-14 16:17:52.274525+03	\N	Items added to existing order		200.00	1	56	\N
3	addition	pending	{"items": [{"name": "Pepsi", "price": 50.0, "quantity": 5, "item_type": "beverage"}]}	2025-08-14 16:20:09.734495+03	\N	Items added to existing order		250.00	1	56	\N
4	addition	pending	{"items": [{"name": "Pepsi", "price": 50.0, "quantity": 6, "item_type": "beverage"}]}	2025-08-14 16:26:22.495657+03	\N	Items added to existing order		300.00	1	56	\N
5	addition	pending	{"items": [{"name": "", "price": 1200.0, "quantity": 1, "item_type": "food"}, {"name": "Pepsi", "price": 50.0, "quantity": 1, "item_type": "beverage"}]}	2025-08-14 17:05:55.950374+03	\N	Items added to existing order		1250.00	1	56	\N
6	modification	pending	{}	2025-08-17 20:02:48.698683+03	\N	Order items edited by waiter_user1. 0 items removed, 3 items updated.		0.00	1	71	\N
7	modification	pending	{}	2025-08-18 09:42:21.447144+03	\N	Order items edited by waiter_user1. 0 items removed, 2 items updated.		0.00	1	72	\N
8	modification	pending	{}	2025-08-18 10:04:01.194647+03	\N	Order items edited by waiter_user1. 1 items removed, 1 items updated.		0.00	1	72	\N
9	modification	pending	{}	2025-08-18 10:28:25.943011+03	\N	Order items edited by waiter_user1. 0 items removed, 2 items updated.		0.00	1	72	\N
10	modification	pending	{}	2025-08-18 10:29:17.679195+03	\N	Order items edited by waiter_user1. 0 items removed, 3 items updated.		0.00	1	72	\N
\.


--
-- Data for Name: payments_income; Type: TABLE DATA; Schema: public; Owner: postgres
--

COPY public.payments_income (id, date, amount, branch_id, cashier_id, payment_id) FROM stdin;
1	2025-08-13	0.00	1	4	1
2	2025-08-14	2600.00	1	4	2
3	2025-08-14	2800.00	1	4	3
4	2025-08-14	4150.00	1	4	4
5	2025-08-14	3850.00	1	4	5
6	2025-08-14	3750.00	1	4	6
7	2025-08-14	2650.00	1	4	7
8	2025-08-14	3800.00	1	4	8
9	2025-08-14	3750.00	1	4	9
10	2025-08-14	2600.00	1	4	10
11	2025-08-14	3800.00	1	4	11
12	2025-08-14	100.00	1	4	12
13	2025-08-14	50.00	1	4	13
14	2025-08-14	0.00	1	4	14
15	2025-08-14	0.00	1	4	15
19	2025-08-15	1250.00	1	4	19
20	2025-08-16	1400.00	1	4	20
21	2025-08-16	2400.00	1	4	21
22	2025-08-16	1250.00	1	4	22
23	2025-08-17	13300.00	1	4	23
24	2025-08-17	12000.00	1	4	24
25	2025-08-17	12000.00	1	4	25
26	2025-08-17	24000.00	1	4	26
27	2025-08-17	24000.00	1	4	27
28	2025-08-17	27900.00	1	4	28
\.


--
-- Data for Name: payments_payment; Type: TABLE DATA; Schema: public; Owner: postgres
--

COPY public.payments_payment (id, payment_method, amount, processed_at, is_completed, order_id, processed_by_id) FROM stdin;
1	cash	0.00	2025-08-13 13:27:50.44737+03	t	1	4
2	cash	2600.00	2025-08-14 06:16:57.685098+03	t	6	4
3	cash	2800.00	2025-08-14 17:49:52.170567+03	t	56	4
4	cash	4150.00	2025-08-14 17:51:08.941387+03	t	50	4
5	cash	3850.00	2025-08-14 17:51:12.835707+03	t	49	4
6	cash	3750.00	2025-08-14 17:51:23.218717+03	t	47	4
7	cash	2650.00	2025-08-14 17:51:26.665866+03	t	46	4
8	cash	3800.00	2025-08-14 17:51:33.034325+03	t	48	4
9	online	3750.00	2025-08-14 17:51:34.467782+03	t	45	4
10	cash	2600.00	2025-08-14 17:51:35.471091+03	t	44	4
11	online	3800.00	2025-08-14 17:51:36.291658+03	t	43	4
12	cash	100.00	2025-08-14 17:55:05.500961+03	t	2	4
13	cash	50.00	2025-08-14 17:55:06.534834+03	t	3	4
14	cash	0.00	2025-08-14 17:55:08.765609+03	t	4	4
15	cash	0.00	2025-08-14 17:55:10.580116+03	t	5	4
19	online	1250.00	2025-08-15 12:29:02.25455+03	t	60	4
20	online	1400.00	2025-08-16 12:52:05.591812+03	t	65	4
21	cash	2400.00	2025-08-16 12:52:30.734161+03	t	58	4
22	cash	1250.00	2025-08-16 12:52:35.266407+03	t	57	4
23	cash	13300.00	2025-08-17 06:45:33.530809+03	t	66	4
24	cash	12000.00	2025-08-17 06:49:07.541339+03	t	67	4
25	cash	12000.00	2025-08-17 06:49:10.769689+03	t	68	4
26	online	24000.00	2025-08-17 20:15:05.606728+03	t	69	4
27	cash	24000.00	2025-08-17 20:15:08.669335+03	t	70	4
28	cash	27900.00	2025-08-17 20:15:11.540746+03	t	71	4
\.


--
-- Data for Name: product; Type: TABLE DATA; Schema: public; Owner: postgres
--

COPY public.product (id, name, category, unit, price_per_unit, stock_qty, branch_id, is_active, created_at, expiration_date, type_id) FROM stdin;
\.


--
-- Data for Name: users_user; Type: TABLE DATA; Schema: public; Owner: postgres
--

COPY public.users_user (id, password, last_login, is_superuser, username, first_name, last_name, email, is_staff, is_active, date_joined, phone_number, role, updated_at, branch_id) FROM stdin;
6	pbkdf2_sha256$1000000$6Cj3ftcwx2w59fyw2T203u$e2RSYuqffK6dLcPcJ2f0ND0aFK1fN37ZRFwJCGRmiqM=	2025-08-16 12:56:09.089687+03	t	owner_user1	Feysel	Owner	owner1@example.com	t	t	2025-08-13 12:45:26.28111+03	0966666666	owner	2025-08-13 12:45:26.28111+03	1
1	pbkdf2_sha256$1000000$eEGharoeqJ2HIBxh8eYXMO$+EqtwMeXJS6uuBaGhEvnUi9BisHrLEE41F8JyZrjT3o=	2025-08-18 17:47:17.399436+03	f	waiter_user1	Ali	Waiter	waiter1@example.com	t	t	2025-08-13 12:45:26.28111+03	0911111111	waiter	2025-08-18 17:25:52.545788+03	1
2	pbkdf2_sha256$1000000$6Cj3ftcwx2w59fyw2T203u$e2RSYuqffK6dLcPcJ2f0ND0aFK1fN37ZRFwJCGRmiqM=	2025-08-17 20:49:02.155819+03	f	bartender_user1	Beka	Bartender	bartender1@example.com	t	t	2025-08-13 12:45:26.28111+03	0922222222	bartender	2025-08-13 12:45:26.28111+03	1
8	pbkdf2_sha256$1000000$6Cj3ftcwx2w59fyw2T203u$e2RSYuqffK6dLcPcJ2f0ND0aFK1fN37ZRFwJCGRmiqM=	\N	f	bartender_user2	Beka	Bartender	bartender2@example.com	t	t	2025-08-13 12:45:26.28111+03	0922222223	bartender	2025-08-13 12:45:26.28111+03	2
9	pbkdf2_sha256$1000000$6Cj3ftcwx2w59fyw2T203u$e2RSYuqffK6dLcPcJ2f0ND0aFK1fN37ZRFwJCGRmiqM=	\N	f	meat_user2	Cala	Meat	meat2@example.com	t	t	2025-08-13 12:45:26.28111+03	0933333334	meat	2025-08-13 12:45:26.28111+03	2
10	pbkdf2_sha256$1000000$6Cj3ftcwx2w59fyw2T203u$e2RSYuqffK6dLcPcJ2f0ND0aFK1fN37ZRFwJCGRmiqM=	\N	f	cashier_user2	Dani	Cashier	cashier2@example.com	t	t	2025-08-13 12:45:26.28111+03	0944444445	cashier	2025-08-13 12:45:26.28111+03	2
11	pbkdf2_sha256$1000000$6Cj3ftcwx2w59fyw2T203u$e2RSYuqffK6dLcPcJ2f0ND0aFK1fN37ZRFwJCGRmiqM=	\N	f	manager_user2	Eli	Manager	manager2@example.com	t	t	2025-08-13 12:45:26.28111+03	0955555556	manager	2025-08-13 12:45:26.28111+03	2
12	pbkdf2_sha256$1000000$6Cj3ftcwx2w59fyw2T203u$e2RSYuqffK6dLcPcJ2f0ND0aFK1fN37ZRFwJCGRmiqM=	\N	t	owner_user2	Feysel	Owner	owner2@example.com	t	t	2025-08-13 12:45:26.28111+03	0966666667	owner	2025-08-13 12:45:26.28111+03	2
3	pbkdf2_sha256$1000000$6Cj3ftcwx2w59fyw2T203u$e2RSYuqffK6dLcPcJ2f0ND0aFK1fN37ZRFwJCGRmiqM=	2025-08-17 20:55:50.099661+03	f	meat_user1	Cala	Meat	meat1@example.com	t	t	2025-08-13 12:45:26.28111+03	0933333333	meat	2025-08-13 12:45:26.28111+03	1
4	pbkdf2_sha256$1000000$6Cj3ftcwx2w59fyw2T203u$e2RSYuqffK6dLcPcJ2f0ND0aFK1fN37ZRFwJCGRmiqM=	2025-08-17 20:58:35.965447+03	f	cashier_user1	Dani	Cashier	cashier1@example.com	t	t	2025-08-13 12:45:26.28111+03	0944444444	cashier	2025-08-13 12:45:26.28111+03	1
7	pbkdf2_sha256$1000000$6Cj3ftcwx2w59fyw2T203u$e2RSYuqffK6dLcPcJ2f0ND0aFK1fN37ZRFwJCGRmiqM=	2025-08-17 06:53:29.459064+03	f	waiter_user2	Ali	Waiter	waiter2@example.com	t	t	2025-08-13 12:45:26.28111+03	0911111112	waiter	2025-08-13 12:45:26.28111+03	2
5	pbkdf2_sha256$1000000$6Cj3ftcwx2w59fyw2T203u$e2RSYuqffK6dLcPcJ2f0ND0aFK1fN37ZRFwJCGRmiqM=	2025-08-17 18:04:51.946246+03	f	manager_user1	Eli	Manager	manager1@example.com	t	t	2025-08-13 12:45:26.28111+03	0955555555	manager	2025-08-13 12:45:26.28111+03	1
\.


--
-- Data for Name: users_user_groups; Type: TABLE DATA; Schema: public; Owner: postgres
--

COPY public.users_user_groups (id, user_id, group_id) FROM stdin;
\.


--
-- Data for Name: users_user_user_permissions; Type: TABLE DATA; Schema: public; Owner: postgres
--

COPY public.users_user_user_permissions (id, user_id, permission_id) FROM stdin;
\.


--
-- Name: auth_group_id_seq; Type: SEQUENCE SET; Schema: public; Owner: postgres
--

SELECT pg_catalog.setval('public.auth_group_id_seq', 1, false);


--
-- Name: auth_group_permissions_id_seq; Type: SEQUENCE SET; Schema: public; Owner: postgres
--

SELECT pg_catalog.setval('public.auth_group_permissions_id_seq', 1, false);


--
-- Name: auth_permission_id_seq; Type: SEQUENCE SET; Schema: public; Owner: postgres
--

SELECT pg_catalog.setval('public.auth_permission_id_seq', 128, true);


--
-- Name: branches_branch_id_seq; Type: SEQUENCE SET; Schema: public; Owner: postgres
--

SELECT pg_catalog.setval('public.branches_branch_id_seq', 1, false);


--
-- Name: branches_table_id_seq; Type: SEQUENCE SET; Schema: public; Owner: postgres
--

SELECT pg_catalog.setval('public.branches_table_id_seq', 9, true);


--
-- Name: core_branch_id_seq; Type: SEQUENCE SET; Schema: public; Owner: postgres
--

SELECT pg_catalog.setval('public.core_branch_id_seq', 1, false);


--
-- Name: django_admin_log_id_seq; Type: SEQUENCE SET; Schema: public; Owner: postgres
--

SELECT pg_catalog.setval('public.django_admin_log_id_seq', 1, false);


--
-- Name: django_content_type_id_seq; Type: SEQUENCE SET; Schema: public; Owner: postgres
--

SELECT pg_catalog.setval('public.django_content_type_id_seq', 32, true);


--
-- Name: django_migrations_id_seq; Type: SEQUENCE SET; Schema: public; Owner: postgres
--

SELECT pg_catalog.setval('public.django_migrations_id_seq', 47, true);


--
-- Name: inventory_auditlog_id_seq; Type: SEQUENCE SET; Schema: public; Owner: postgres
--

SELECT pg_catalog.setval('public.inventory_auditlog_id_seq', 1, true);


--
-- Name: inventory_barmanstock_id_seq; Type: SEQUENCE SET; Schema: public; Owner: postgres
--

SELECT pg_catalog.setval('public.inventory_barmanstock_id_seq', 1, true);


--
-- Name: inventory_category_id_seq; Type: SEQUENCE SET; Schema: public; Owner: postgres
--

SELECT pg_catalog.setval('public.inventory_category_id_seq', 2, true);


--
-- Name: inventory_inventoryrequest_id_seq; Type: SEQUENCE SET; Schema: public; Owner: postgres
--

SELECT pg_catalog.setval('public.inventory_inventoryrequest_id_seq', 4, true);


--
-- Name: inventory_inventorytransaction_id_seq; Type: SEQUENCE SET; Schema: public; Owner: postgres
--

SELECT pg_catalog.setval('public.inventory_inventorytransaction_id_seq', 5, true);


--
-- Name: inventory_itemtype_id_seq; Type: SEQUENCE SET; Schema: public; Owner: postgres
--

SELECT pg_catalog.setval('public.inventory_itemtype_id_seq', 2, true);


--
-- Name: inventory_product_id_seq; Type: SEQUENCE SET; Schema: public; Owner: postgres
--

SELECT pg_catalog.setval('public.inventory_product_id_seq', 1, true);


--
-- Name: inventory_productmeasurement_id_seq; Type: SEQUENCE SET; Schema: public; Owner: postgres
--

SELECT pg_catalog.setval('public.inventory_productmeasurement_id_seq', 1, true);


--
-- Name: inventory_productunit_id_seq; Type: SEQUENCE SET; Schema: public; Owner: postgres
--

SELECT pg_catalog.setval('public.inventory_productunit_id_seq', 4, true);


--
-- Name: inventory_stock_id_seq; Type: SEQUENCE SET; Schema: public; Owner: postgres
--

SELECT pg_catalog.setval('public.inventory_stock_id_seq', 1, true);


--
-- Name: item_type_id_seq; Type: SEQUENCE SET; Schema: public; Owner: postgres
--

SELECT pg_catalog.setval('public.item_type_id_seq', 1, false);


--
-- Name: menu_menu_id_seq; Type: SEQUENCE SET; Schema: public; Owner: postgres
--

SELECT pg_catalog.setval('public.menu_menu_id_seq', 1, false);


--
-- Name: menu_menu_items_id_seq; Type: SEQUENCE SET; Schema: public; Owner: postgres
--

SELECT pg_catalog.setval('public.menu_menu_items_id_seq', 1, false);


--
-- Name: menu_menucategory_id_seq; Type: SEQUENCE SET; Schema: public; Owner: postgres
--

SELECT pg_catalog.setval('public.menu_menucategory_id_seq', 2, true);


--
-- Name: menu_menuitem_id_seq; Type: SEQUENCE SET; Schema: public; Owner: postgres
--

SELECT pg_catalog.setval('public.menu_menuitem_id_seq', 3, true);


--
-- Name: menu_menusection_id_seq; Type: SEQUENCE SET; Schema: public; Owner: postgres
--

SELECT pg_catalog.setval('public.menu_menusection_id_seq', 1, false);


--
-- Name: orders_order_id_seq; Type: SEQUENCE SET; Schema: public; Owner: postgres
--

SELECT pg_catalog.setval('public.orders_order_id_seq', 72, true);


--
-- Name: orders_orderitem_id_seq; Type: SEQUENCE SET; Schema: public; Owner: postgres
--

SELECT pg_catalog.setval('public.orders_orderitem_id_seq', 121, true);


--
-- Name: orders_orderupdate_id_seq; Type: SEQUENCE SET; Schema: public; Owner: postgres
--

SELECT pg_catalog.setval('public.orders_orderupdate_id_seq', 10, true);


--
-- Name: payments_income_id_seq; Type: SEQUENCE SET; Schema: public; Owner: postgres
--

SELECT pg_catalog.setval('public.payments_income_id_seq', 28, true);


--
-- Name: payments_payment_id_seq; Type: SEQUENCE SET; Schema: public; Owner: postgres
--

SELECT pg_catalog.setval('public.payments_payment_id_seq', 28, true);


--
-- Name: product_id_seq; Type: SEQUENCE SET; Schema: public; Owner: postgres
--

SELECT pg_catalog.setval('public.product_id_seq', 1, false);


--
-- Name: users_user_groups_id_seq; Type: SEQUENCE SET; Schema: public; Owner: postgres
--

SELECT pg_catalog.setval('public.users_user_groups_id_seq', 1, false);


--
-- Name: users_user_id_seq; Type: SEQUENCE SET; Schema: public; Owner: postgres
--

SELECT pg_catalog.setval('public.users_user_id_seq', 1, true);


--
-- Name: users_user_user_permissions_id_seq; Type: SEQUENCE SET; Schema: public; Owner: postgres
--

SELECT pg_catalog.setval('public.users_user_user_permissions_id_seq', 1, false);


--
-- Name: auth_group auth_group_name_key; Type: CONSTRAINT; Schema: public; Owner: postgres
--

ALTER TABLE ONLY public.auth_group
    ADD CONSTRAINT auth_group_name_key UNIQUE (name);


--
-- Name: auth_group_permissions auth_group_permissions_group_id_permission_id_0cd325b0_uniq; Type: CONSTRAINT; Schema: public; Owner: postgres
--

ALTER TABLE ONLY public.auth_group_permissions
    ADD CONSTRAINT auth_group_permissions_group_id_permission_id_0cd325b0_uniq UNIQUE (group_id, permission_id);


--
-- Name: auth_group_permissions auth_group_permissions_pkey; Type: CONSTRAINT; Schema: public; Owner: postgres
--

ALTER TABLE ONLY public.auth_group_permissions
    ADD CONSTRAINT auth_group_permissions_pkey PRIMARY KEY (id);


--
-- Name: auth_group auth_group_pkey; Type: CONSTRAINT; Schema: public; Owner: postgres
--

ALTER TABLE ONLY public.auth_group
    ADD CONSTRAINT auth_group_pkey PRIMARY KEY (id);


--
-- Name: auth_permission auth_permission_content_type_id_codename_01ab375a_uniq; Type: CONSTRAINT; Schema: public; Owner: postgres
--

ALTER TABLE ONLY public.auth_permission
    ADD CONSTRAINT auth_permission_content_type_id_codename_01ab375a_uniq UNIQUE (content_type_id, codename);


--
-- Name: auth_permission auth_permission_pkey; Type: CONSTRAINT; Schema: public; Owner: postgres
--

ALTER TABLE ONLY public.auth_permission
    ADD CONSTRAINT auth_permission_pkey PRIMARY KEY (id);


--
-- Name: authtoken_token authtoken_token_pkey; Type: CONSTRAINT; Schema: public; Owner: postgres
--

ALTER TABLE ONLY public.authtoken_token
    ADD CONSTRAINT authtoken_token_pkey PRIMARY KEY (key);


--
-- Name: authtoken_token authtoken_token_user_id_key; Type: CONSTRAINT; Schema: public; Owner: postgres
--

ALTER TABLE ONLY public.authtoken_token
    ADD CONSTRAINT authtoken_token_user_id_key UNIQUE (user_id);


--
-- Name: branches_branch branches_branch_pkey; Type: CONSTRAINT; Schema: public; Owner: postgres
--

ALTER TABLE ONLY public.branches_branch
    ADD CONSTRAINT branches_branch_pkey PRIMARY KEY (id);


--
-- Name: branches_table branches_table_number_branch_id_b5e48afd_uniq; Type: CONSTRAINT; Schema: public; Owner: postgres
--

ALTER TABLE ONLY public.branches_table
    ADD CONSTRAINT branches_table_number_branch_id_b5e48afd_uniq UNIQUE (number, branch_id);


--
-- Name: branches_table branches_table_pkey; Type: CONSTRAINT; Schema: public; Owner: postgres
--

ALTER TABLE ONLY public.branches_table
    ADD CONSTRAINT branches_table_pkey PRIMARY KEY (id);


--
-- Name: core_branch core_branch_pkey; Type: CONSTRAINT; Schema: public; Owner: postgres
--

ALTER TABLE ONLY public.core_branch
    ADD CONSTRAINT core_branch_pkey PRIMARY KEY (id);


--
-- Name: django_admin_log django_admin_log_pkey; Type: CONSTRAINT; Schema: public; Owner: postgres
--

ALTER TABLE ONLY public.django_admin_log
    ADD CONSTRAINT django_admin_log_pkey PRIMARY KEY (id);


--
-- Name: django_content_type django_content_type_app_label_model_76bd3d3b_uniq; Type: CONSTRAINT; Schema: public; Owner: postgres
--

ALTER TABLE ONLY public.django_content_type
    ADD CONSTRAINT django_content_type_app_label_model_76bd3d3b_uniq UNIQUE (app_label, model);


--
-- Name: django_content_type django_content_type_pkey; Type: CONSTRAINT; Schema: public; Owner: postgres
--

ALTER TABLE ONLY public.django_content_type
    ADD CONSTRAINT django_content_type_pkey PRIMARY KEY (id);


--
-- Name: django_migrations django_migrations_pkey; Type: CONSTRAINT; Schema: public; Owner: postgres
--

ALTER TABLE ONLY public.django_migrations
    ADD CONSTRAINT django_migrations_pkey PRIMARY KEY (id);


--
-- Name: django_session django_session_pkey; Type: CONSTRAINT; Schema: public; Owner: postgres
--

ALTER TABLE ONLY public.django_session
    ADD CONSTRAINT django_session_pkey PRIMARY KEY (session_key);


--
-- Name: inventory_auditlog inventory_auditlog_pkey; Type: CONSTRAINT; Schema: public; Owner: postgres
--

ALTER TABLE ONLY public.inventory_auditlog
    ADD CONSTRAINT inventory_auditlog_pkey PRIMARY KEY (id);


--
-- Name: inventory_barmanstock inventory_barmanstock_pkey; Type: CONSTRAINT; Schema: public; Owner: postgres
--

ALTER TABLE ONLY public.inventory_barmanstock
    ADD CONSTRAINT inventory_barmanstock_pkey PRIMARY KEY (id);


--
-- Name: inventory_barmanstock inventory_barmanstock_stock_id_bartender_id_4bfed681_uniq; Type: CONSTRAINT; Schema: public; Owner: postgres
--

ALTER TABLE ONLY public.inventory_barmanstock
    ADD CONSTRAINT inventory_barmanstock_stock_id_bartender_id_4bfed681_uniq UNIQUE (stock_id, bartender_id);


--
-- Name: inventory_category inventory_category_item_type_id_category_name_056ad676_uniq; Type: CONSTRAINT; Schema: public; Owner: postgres
--

ALTER TABLE ONLY public.inventory_category
    ADD CONSTRAINT inventory_category_item_type_id_category_name_056ad676_uniq UNIQUE (item_type_id, category_name);


--
-- Name: inventory_category inventory_category_pkey; Type: CONSTRAINT; Schema: public; Owner: postgres
--

ALTER TABLE ONLY public.inventory_category
    ADD CONSTRAINT inventory_category_pkey PRIMARY KEY (id);


--
-- Name: inventory_inventoryrequest inventory_inventoryrequest_pkey; Type: CONSTRAINT; Schema: public; Owner: postgres
--

ALTER TABLE ONLY public.inventory_inventoryrequest
    ADD CONSTRAINT inventory_inventoryrequest_pkey PRIMARY KEY (id);


--
-- Name: inventory_inventorytransaction inventory_inventorytransaction_pkey; Type: CONSTRAINT; Schema: public; Owner: postgres
--

ALTER TABLE ONLY public.inventory_inventorytransaction
    ADD CONSTRAINT inventory_inventorytransaction_pkey PRIMARY KEY (id);


--
-- Name: inventory_itemtype inventory_itemtype_pkey; Type: CONSTRAINT; Schema: public; Owner: postgres
--

ALTER TABLE ONLY public.inventory_itemtype
    ADD CONSTRAINT inventory_itemtype_pkey PRIMARY KEY (id);


--
-- Name: inventory_itemtype inventory_itemtype_type_name_key; Type: CONSTRAINT; Schema: public; Owner: postgres
--

ALTER TABLE ONLY public.inventory_itemtype
    ADD CONSTRAINT inventory_itemtype_type_name_key UNIQUE (type_name);


--
-- Name: inventory_product inventory_product_name_key; Type: CONSTRAINT; Schema: public; Owner: postgres
--

ALTER TABLE ONLY public.inventory_product
    ADD CONSTRAINT inventory_product_name_key UNIQUE (name);


--
-- Name: inventory_product inventory_product_pkey; Type: CONSTRAINT; Schema: public; Owner: postgres
--

ALTER TABLE ONLY public.inventory_product
    ADD CONSTRAINT inventory_product_pkey PRIMARY KEY (id);


--
-- Name: inventory_productmeasurement inventory_productmeasure_product_id_from_unit_id__775a1180_uniq; Type: CONSTRAINT; Schema: public; Owner: postgres
--

ALTER TABLE ONLY public.inventory_productmeasurement
    ADD CONSTRAINT inventory_productmeasure_product_id_from_unit_id__775a1180_uniq UNIQUE (product_id, from_unit_id, to_unit_id);


--
-- Name: inventory_productmeasurement inventory_productmeasurement_pkey; Type: CONSTRAINT; Schema: public; Owner: postgres
--

ALTER TABLE ONLY public.inventory_productmeasurement
    ADD CONSTRAINT inventory_productmeasurement_pkey PRIMARY KEY (id);


--
-- Name: inventory_productunit inventory_productunit_pkey; Type: CONSTRAINT; Schema: public; Owner: postgres
--

ALTER TABLE ONLY public.inventory_productunit
    ADD CONSTRAINT inventory_productunit_pkey PRIMARY KEY (id);


--
-- Name: inventory_productunit inventory_productunit_unit_name_key; Type: CONSTRAINT; Schema: public; Owner: postgres
--

ALTER TABLE ONLY public.inventory_productunit
    ADD CONSTRAINT inventory_productunit_unit_name_key UNIQUE (unit_name);


--
-- Name: inventory_stock inventory_stock_pkey; Type: CONSTRAINT; Schema: public; Owner: postgres
--

ALTER TABLE ONLY public.inventory_stock
    ADD CONSTRAINT inventory_stock_pkey PRIMARY KEY (id);


--
-- Name: inventory_stock inventory_stock_product_id_branch_id_18438756_uniq; Type: CONSTRAINT; Schema: public; Owner: postgres
--

ALTER TABLE ONLY public.inventory_stock
    ADD CONSTRAINT inventory_stock_product_id_branch_id_18438756_uniq UNIQUE (product_id, branch_id);


--
-- Name: item_type item_type_pkey; Type: CONSTRAINT; Schema: public; Owner: postgres
--

ALTER TABLE ONLY public.item_type
    ADD CONSTRAINT item_type_pkey PRIMARY KEY (id);


--
-- Name: menu_menu_items menu_menu_items_menu_id_menuitem_id_f1fb2430_uniq; Type: CONSTRAINT; Schema: public; Owner: postgres
--

ALTER TABLE ONLY public.menu_menu_items
    ADD CONSTRAINT menu_menu_items_menu_id_menuitem_id_f1fb2430_uniq UNIQUE (menu_id, menuitem_id);


--
-- Name: menu_menu_items menu_menu_items_pkey; Type: CONSTRAINT; Schema: public; Owner: postgres
--

ALTER TABLE ONLY public.menu_menu_items
    ADD CONSTRAINT menu_menu_items_pkey PRIMARY KEY (id);


--
-- Name: menu_menu menu_menu_pkey; Type: CONSTRAINT; Schema: public; Owner: postgres
--

ALTER TABLE ONLY public.menu_menu
    ADD CONSTRAINT menu_menu_pkey PRIMARY KEY (id);


--
-- Name: menu_menucategory menu_menucategory_name_key; Type: CONSTRAINT; Schema: public; Owner: postgres
--

ALTER TABLE ONLY public.menu_menucategory
    ADD CONSTRAINT menu_menucategory_name_key UNIQUE (name);


--
-- Name: menu_menucategory menu_menucategory_pkey; Type: CONSTRAINT; Schema: public; Owner: postgres
--

ALTER TABLE ONLY public.menu_menucategory
    ADD CONSTRAINT menu_menucategory_pkey PRIMARY KEY (id);


--
-- Name: menu_menuitem menu_menuitem_pkey; Type: CONSTRAINT; Schema: public; Owner: postgres
--

ALTER TABLE ONLY public.menu_menuitem
    ADD CONSTRAINT menu_menuitem_pkey PRIMARY KEY (id);


--
-- Name: menu_menusection menu_menusection_pkey; Type: CONSTRAINT; Schema: public; Owner: postgres
--

ALTER TABLE ONLY public.menu_menusection
    ADD CONSTRAINT menu_menusection_pkey PRIMARY KEY (id);


--
-- Name: orders_order orders_order_order_number_key; Type: CONSTRAINT; Schema: public; Owner: postgres
--

ALTER TABLE ONLY public.orders_order
    ADD CONSTRAINT orders_order_order_number_key UNIQUE (order_number);


--
-- Name: orders_order orders_order_pkey; Type: CONSTRAINT; Schema: public; Owner: postgres
--

ALTER TABLE ONLY public.orders_order
    ADD CONSTRAINT orders_order_pkey PRIMARY KEY (id);


--
-- Name: orders_orderitem orders_orderitem_pkey; Type: CONSTRAINT; Schema: public; Owner: postgres
--

ALTER TABLE ONLY public.orders_orderitem
    ADD CONSTRAINT orders_orderitem_pkey PRIMARY KEY (id);


--
-- Name: orders_orderupdate orders_orderupdate_pkey; Type: CONSTRAINT; Schema: public; Owner: postgres
--

ALTER TABLE ONLY public.orders_orderupdate
    ADD CONSTRAINT orders_orderupdate_pkey PRIMARY KEY (id);


--
-- Name: payments_income payments_income_payment_id_key; Type: CONSTRAINT; Schema: public; Owner: postgres
--

ALTER TABLE ONLY public.payments_income
    ADD CONSTRAINT payments_income_payment_id_key UNIQUE (payment_id);


--
-- Name: payments_income payments_income_pkey; Type: CONSTRAINT; Schema: public; Owner: postgres
--

ALTER TABLE ONLY public.payments_income
    ADD CONSTRAINT payments_income_pkey PRIMARY KEY (id);


--
-- Name: payments_payment payments_payment_order_id_key; Type: CONSTRAINT; Schema: public; Owner: postgres
--

ALTER TABLE ONLY public.payments_payment
    ADD CONSTRAINT payments_payment_order_id_key UNIQUE (order_id);


--
-- Name: payments_payment payments_payment_pkey; Type: CONSTRAINT; Schema: public; Owner: postgres
--

ALTER TABLE ONLY public.payments_payment
    ADD CONSTRAINT payments_payment_pkey PRIMARY KEY (id);


--
-- Name: product product_pkey; Type: CONSTRAINT; Schema: public; Owner: postgres
--

ALTER TABLE ONLY public.product
    ADD CONSTRAINT product_pkey PRIMARY KEY (id);


--
-- Name: users_user_groups users_user_groups_pkey; Type: CONSTRAINT; Schema: public; Owner: postgres
--

ALTER TABLE ONLY public.users_user_groups
    ADD CONSTRAINT users_user_groups_pkey PRIMARY KEY (id);


--
-- Name: users_user_groups users_user_groups_user_id_group_id_b88eab82_uniq; Type: CONSTRAINT; Schema: public; Owner: postgres
--

ALTER TABLE ONLY public.users_user_groups
    ADD CONSTRAINT users_user_groups_user_id_group_id_b88eab82_uniq UNIQUE (user_id, group_id);


--
-- Name: users_user users_user_phone_number_key; Type: CONSTRAINT; Schema: public; Owner: postgres
--

ALTER TABLE ONLY public.users_user
    ADD CONSTRAINT users_user_phone_number_key UNIQUE (phone_number);


--
-- Name: users_user users_user_pkey; Type: CONSTRAINT; Schema: public; Owner: postgres
--

ALTER TABLE ONLY public.users_user
    ADD CONSTRAINT users_user_pkey PRIMARY KEY (id);


--
-- Name: users_user_user_permissions users_user_user_permissions_pkey; Type: CONSTRAINT; Schema: public; Owner: postgres
--

ALTER TABLE ONLY public.users_user_user_permissions
    ADD CONSTRAINT users_user_user_permissions_pkey PRIMARY KEY (id);


--
-- Name: users_user_user_permissions users_user_user_permissions_user_id_permission_id_43338c45_uniq; Type: CONSTRAINT; Schema: public; Owner: postgres
--

ALTER TABLE ONLY public.users_user_user_permissions
    ADD CONSTRAINT users_user_user_permissions_user_id_permission_id_43338c45_uniq UNIQUE (user_id, permission_id);


--
-- Name: users_user users_user_username_key; Type: CONSTRAINT; Schema: public; Owner: postgres
--

ALTER TABLE ONLY public.users_user
    ADD CONSTRAINT users_user_username_key UNIQUE (username);


--
-- Name: auth_group_name_a6ea08ec_like; Type: INDEX; Schema: public; Owner: postgres
--

CREATE INDEX auth_group_name_a6ea08ec_like ON public.auth_group USING btree (name varchar_pattern_ops);


--
-- Name: auth_group_permissions_group_id_b120cbf9; Type: INDEX; Schema: public; Owner: postgres
--

CREATE INDEX auth_group_permissions_group_id_b120cbf9 ON public.auth_group_permissions USING btree (group_id);


--
-- Name: auth_group_permissions_permission_id_84c5c92e; Type: INDEX; Schema: public; Owner: postgres
--

CREATE INDEX auth_group_permissions_permission_id_84c5c92e ON public.auth_group_permissions USING btree (permission_id);


--
-- Name: auth_permission_content_type_id_2f476e4b; Type: INDEX; Schema: public; Owner: postgres
--

CREATE INDEX auth_permission_content_type_id_2f476e4b ON public.auth_permission USING btree (content_type_id);


--
-- Name: authtoken_token_key_10f0b77e_like; Type: INDEX; Schema: public; Owner: postgres
--

CREATE INDEX authtoken_token_key_10f0b77e_like ON public.authtoken_token USING btree (key varchar_pattern_ops);


--
-- Name: branches_table_branch_id_5e54af6b; Type: INDEX; Schema: public; Owner: postgres
--

CREATE INDEX branches_table_branch_id_5e54af6b ON public.branches_table USING btree (branch_id);


--
-- Name: branches_table_created_by_id_79654525; Type: INDEX; Schema: public; Owner: postgres
--

CREATE INDEX branches_table_created_by_id_79654525 ON public.branches_table USING btree (created_by_id);


--
-- Name: branches_table_current_order_id_f7e2ff37; Type: INDEX; Schema: public; Owner: postgres
--

CREATE INDEX branches_table_current_order_id_f7e2ff37 ON public.branches_table USING btree (current_order_id);


--
-- Name: django_admin_log_content_type_id_c4bce8eb; Type: INDEX; Schema: public; Owner: postgres
--

CREATE INDEX django_admin_log_content_type_id_c4bce8eb ON public.django_admin_log USING btree (content_type_id);


--
-- Name: django_admin_log_user_id_c564eba6; Type: INDEX; Schema: public; Owner: postgres
--

CREATE INDEX django_admin_log_user_id_c564eba6 ON public.django_admin_log USING btree (user_id);


--
-- Name: django_session_expire_date_a5c62663; Type: INDEX; Schema: public; Owner: postgres
--

CREATE INDEX django_session_expire_date_a5c62663 ON public.django_session USING btree (expire_date);


--
-- Name: django_session_session_key_c0390e0f_like; Type: INDEX; Schema: public; Owner: postgres
--

CREATE INDEX django_session_session_key_c0390e0f_like ON public.django_session USING btree (session_key varchar_pattern_ops);


--
-- Name: inventory_auditlog_content_type_id_36242f96; Type: INDEX; Schema: public; Owner: postgres
--

CREATE INDEX inventory_auditlog_content_type_id_36242f96 ON public.inventory_auditlog USING btree (content_type_id);


--
-- Name: inventory_auditlog_timestamp_90d051e5; Type: INDEX; Schema: public; Owner: postgres
--

CREATE INDEX inventory_auditlog_timestamp_90d051e5 ON public.inventory_auditlog USING btree ("timestamp");


--
-- Name: inventory_auditlog_user_id_d4ea44cb; Type: INDEX; Schema: public; Owner: postgres
--

CREATE INDEX inventory_auditlog_user_id_d4ea44cb ON public.inventory_auditlog USING btree (user_id);


--
-- Name: inventory_barmanstock_bartender_id_69b96659; Type: INDEX; Schema: public; Owner: postgres
--

CREATE INDEX inventory_barmanstock_bartender_id_69b96659 ON public.inventory_barmanstock USING btree (bartender_id);


--
-- Name: inventory_barmanstock_branch_id_27f895c0; Type: INDEX; Schema: public; Owner: postgres
--

CREATE INDEX inventory_barmanstock_branch_id_27f895c0 ON public.inventory_barmanstock USING btree (branch_id);


--
-- Name: inventory_barmanstock_original_unit_id_3c8e45ad; Type: INDEX; Schema: public; Owner: postgres
--

CREATE INDEX inventory_barmanstock_original_unit_id_3c8e45ad ON public.inventory_barmanstock USING btree (original_unit_id);


--
-- Name: inventory_barmanstock_stock_id_951d368c; Type: INDEX; Schema: public; Owner: postgres
--

CREATE INDEX inventory_barmanstock_stock_id_951d368c ON public.inventory_barmanstock USING btree (stock_id);


--
-- Name: inventory_category_item_type_id_f85051e6; Type: INDEX; Schema: public; Owner: postgres
--

CREATE INDEX inventory_category_item_type_id_f85051e6 ON public.inventory_category USING btree (item_type_id);


--
-- Name: inventory_inventoryrequest_branch_id_6eea1c9e; Type: INDEX; Schema: public; Owner: postgres
--

CREATE INDEX inventory_inventoryrequest_branch_id_6eea1c9e ON public.inventory_inventoryrequest USING btree (branch_id);


--
-- Name: inventory_inventoryrequest_product_id_afa68380; Type: INDEX; Schema: public; Owner: postgres
--

CREATE INDEX inventory_inventoryrequest_product_id_afa68380 ON public.inventory_inventoryrequest USING btree (product_id);


--
-- Name: inventory_inventoryrequest_request_unit_id_53b6dc81; Type: INDEX; Schema: public; Owner: postgres
--

CREATE INDEX inventory_inventoryrequest_request_unit_id_53b6dc81 ON public.inventory_inventoryrequest USING btree (request_unit_id);


--
-- Name: inventory_inventoryrequest_requested_by_id_becffcdc; Type: INDEX; Schema: public; Owner: postgres
--

CREATE INDEX inventory_inventoryrequest_requested_by_id_becffcdc ON public.inventory_inventoryrequest USING btree (requested_by_id);


--
-- Name: inventory_inventoryrequest_responded_by_id_4b0e0b49; Type: INDEX; Schema: public; Owner: postgres
--

CREATE INDEX inventory_inventoryrequest_responded_by_id_4b0e0b49 ON public.inventory_inventoryrequest USING btree (responded_by_id);


--
-- Name: inventory_inventorytransaction_branch_id_1d6a6a07; Type: INDEX; Schema: public; Owner: postgres
--

CREATE INDEX inventory_inventorytransaction_branch_id_1d6a6a07 ON public.inventory_inventorytransaction USING btree (branch_id);


--
-- Name: inventory_inventorytransaction_from_stock_barman_id_0a780b0f; Type: INDEX; Schema: public; Owner: postgres
--

CREATE INDEX inventory_inventorytransaction_from_stock_barman_id_0a780b0f ON public.inventory_inventorytransaction USING btree (from_stock_barman_id);


--
-- Name: inventory_inventorytransaction_from_stock_main_id_5f5366b3; Type: INDEX; Schema: public; Owner: postgres
--

CREATE INDEX inventory_inventorytransaction_from_stock_main_id_5f5366b3 ON public.inventory_inventorytransaction USING btree (from_stock_main_id);


--
-- Name: inventory_inventorytransaction_initiated_by_id_98b7a4ab; Type: INDEX; Schema: public; Owner: postgres
--

CREATE INDEX inventory_inventorytransaction_initiated_by_id_98b7a4ab ON public.inventory_inventorytransaction USING btree (initiated_by_id);


--
-- Name: inventory_inventorytransaction_product_id_189b2550; Type: INDEX; Schema: public; Owner: postgres
--

CREATE INDEX inventory_inventorytransaction_product_id_189b2550 ON public.inventory_inventorytransaction USING btree (product_id);


--
-- Name: inventory_inventorytransaction_to_stock_barman_id_83de397f; Type: INDEX; Schema: public; Owner: postgres
--

CREATE INDEX inventory_inventorytransaction_to_stock_barman_id_83de397f ON public.inventory_inventorytransaction USING btree (to_stock_barman_id);


--
-- Name: inventory_inventorytransaction_to_stock_main_id_a719a040; Type: INDEX; Schema: public; Owner: postgres
--

CREATE INDEX inventory_inventorytransaction_to_stock_main_id_a719a040 ON public.inventory_inventorytransaction USING btree (to_stock_main_id);


--
-- Name: inventory_inventorytransaction_transaction_unit_id_cad72085; Type: INDEX; Schema: public; Owner: postgres
--

CREATE INDEX inventory_inventorytransaction_transaction_unit_id_cad72085 ON public.inventory_inventorytransaction USING btree (transaction_unit_id);


--
-- Name: inventory_itemtype_type_name_4342fbbd_like; Type: INDEX; Schema: public; Owner: postgres
--

CREATE INDEX inventory_itemtype_type_name_4342fbbd_like ON public.inventory_itemtype USING btree (type_name varchar_pattern_ops);


--
-- Name: inventory_product_base_unit_id_a49ad020; Type: INDEX; Schema: public; Owner: postgres
--

CREATE INDEX inventory_product_base_unit_id_a49ad020 ON public.inventory_product USING btree (base_unit_id);


--
-- Name: inventory_product_category_id_c907876e; Type: INDEX; Schema: public; Owner: postgres
--

CREATE INDEX inventory_product_category_id_c907876e ON public.inventory_product USING btree (category_id);


--
-- Name: inventory_product_name_78603733_like; Type: INDEX; Schema: public; Owner: postgres
--

CREATE INDEX inventory_product_name_78603733_like ON public.inventory_product USING btree (name varchar_pattern_ops);


--
-- Name: inventory_productmeasurement_from_unit_id_3862dadf; Type: INDEX; Schema: public; Owner: postgres
--

CREATE INDEX inventory_productmeasurement_from_unit_id_3862dadf ON public.inventory_productmeasurement USING btree (from_unit_id);


--
-- Name: inventory_productmeasurement_product_id_7dcea706; Type: INDEX; Schema: public; Owner: postgres
--

CREATE INDEX inventory_productmeasurement_product_id_7dcea706 ON public.inventory_productmeasurement USING btree (product_id);


--
-- Name: inventory_productmeasurement_to_unit_id_3fa703c8; Type: INDEX; Schema: public; Owner: postgres
--

CREATE INDEX inventory_productmeasurement_to_unit_id_3fa703c8 ON public.inventory_productmeasurement USING btree (to_unit_id);


--
-- Name: inventory_productunit_unit_name_ff00f84b_like; Type: INDEX; Schema: public; Owner: postgres
--

CREATE INDEX inventory_productunit_unit_name_ff00f84b_like ON public.inventory_productunit USING btree (unit_name varchar_pattern_ops);


--
-- Name: inventory_stock_branch_id_2d90c783; Type: INDEX; Schema: public; Owner: postgres
--

CREATE INDEX inventory_stock_branch_id_2d90c783 ON public.inventory_stock USING btree (branch_id);


--
-- Name: inventory_stock_original_unit_id_471b8d42; Type: INDEX; Schema: public; Owner: postgres
--

CREATE INDEX inventory_stock_original_unit_id_471b8d42 ON public.inventory_stock USING btree (original_unit_id);


--
-- Name: inventory_stock_product_id_b75f69ba; Type: INDEX; Schema: public; Owner: postgres
--

CREATE INDEX inventory_stock_product_id_b75f69ba ON public.inventory_stock USING btree (product_id);


--
-- Name: menu_menu_items_menu_id_a7bb2770; Type: INDEX; Schema: public; Owner: postgres
--

CREATE INDEX menu_menu_items_menu_id_a7bb2770 ON public.menu_menu_items USING btree (menu_id);


--
-- Name: menu_menu_items_menuitem_id_2b1de720; Type: INDEX; Schema: public; Owner: postgres
--

CREATE INDEX menu_menu_items_menuitem_id_2b1de720 ON public.menu_menu_items USING btree (menuitem_id);


--
-- Name: menu_menucategory_name_d77453ca_like; Type: INDEX; Schema: public; Owner: postgres
--

CREATE INDEX menu_menucategory_name_d77453ca_like ON public.menu_menucategory USING btree (name varchar_pattern_ops);


--
-- Name: menu_menuitem_category_id_af353a3b; Type: INDEX; Schema: public; Owner: postgres
--

CREATE INDEX menu_menuitem_category_id_af353a3b ON public.menu_menuitem USING btree (category_id);


--
-- Name: menu_menuitem_product_id_73523147; Type: INDEX; Schema: public; Owner: postgres
--

CREATE INDEX menu_menuitem_product_id_73523147 ON public.menu_menuitem USING btree (product_id);


--
-- Name: menu_menusection_menu_id_e70fecea; Type: INDEX; Schema: public; Owner: postgres
--

CREATE INDEX menu_menusection_menu_id_e70fecea ON public.menu_menusection USING btree (menu_id);


--
-- Name: orders_order_assigned_to_id_e4866e32; Type: INDEX; Schema: public; Owner: postgres
--

CREATE INDEX orders_order_assigned_to_id_e4866e32 ON public.orders_order USING btree (assigned_to_id);


--
-- Name: orders_order_branch_id_c857b51d; Type: INDEX; Schema: public; Owner: postgres
--

CREATE INDEX orders_order_branch_id_c857b51d ON public.orders_order USING btree (branch_id);


--
-- Name: orders_order_created_by_id_d5f5e69c; Type: INDEX; Schema: public; Owner: postgres
--

CREATE INDEX orders_order_created_by_id_d5f5e69c ON public.orders_order USING btree (created_by_id);


--
-- Name: orders_order_order_number_4e985f70_like; Type: INDEX; Schema: public; Owner: postgres
--

CREATE INDEX orders_order_order_number_4e985f70_like ON public.orders_order USING btree (order_number varchar_pattern_ops);


--
-- Name: orders_order_table_id_14015bc1; Type: INDEX; Schema: public; Owner: postgres
--

CREATE INDEX orders_order_table_id_14015bc1 ON public.orders_order USING btree (table_id);


--
-- Name: orders_orderitem_order_id_fe61a34d; Type: INDEX; Schema: public; Owner: postgres
--

CREATE INDEX orders_orderitem_order_id_fe61a34d ON public.orders_orderitem USING btree (order_id);


--
-- Name: orders_orderitem_product_id_afe4254a; Type: INDEX; Schema: public; Owner: postgres
--

CREATE INDEX orders_orderitem_product_id_afe4254a ON public.orders_orderitem USING btree (product_id);


--
-- Name: orders_orderupdate_created_by_id_f02f8f9d; Type: INDEX; Schema: public; Owner: postgres
--

CREATE INDEX orders_orderupdate_created_by_id_f02f8f9d ON public.orders_orderupdate USING btree (created_by_id);


--
-- Name: orders_orderupdate_original_order_id_335151ea; Type: INDEX; Schema: public; Owner: postgres
--

CREATE INDEX orders_orderupdate_original_order_id_335151ea ON public.orders_orderupdate USING btree (original_order_id);


--
-- Name: orders_orderupdate_processed_by_id_32904cba; Type: INDEX; Schema: public; Owner: postgres
--

CREATE INDEX orders_orderupdate_processed_by_id_32904cba ON public.orders_orderupdate USING btree (processed_by_id);


--
-- Name: payments_income_branch_id_e0c17b37; Type: INDEX; Schema: public; Owner: postgres
--

CREATE INDEX payments_income_branch_id_e0c17b37 ON public.payments_income USING btree (branch_id);


--
-- Name: payments_income_cashier_id_ff6dfa34; Type: INDEX; Schema: public; Owner: postgres
--

CREATE INDEX payments_income_cashier_id_ff6dfa34 ON public.payments_income USING btree (cashier_id);


--
-- Name: payments_payment_processed_by_id_75556eec; Type: INDEX; Schema: public; Owner: postgres
--

CREATE INDEX payments_payment_processed_by_id_75556eec ON public.payments_payment USING btree (processed_by_id);


--
-- Name: product_type_id_f5092b03; Type: INDEX; Schema: public; Owner: postgres
--

CREATE INDEX product_type_id_f5092b03 ON public.product USING btree (type_id);


--
-- Name: users_user_branch_id_9b932184; Type: INDEX; Schema: public; Owner: postgres
--

CREATE INDEX users_user_branch_id_9b932184 ON public.users_user USING btree (branch_id);


--
-- Name: users_user_groups_group_id_9afc8d0e; Type: INDEX; Schema: public; Owner: postgres
--

CREATE INDEX users_user_groups_group_id_9afc8d0e ON public.users_user_groups USING btree (group_id);


--
-- Name: users_user_groups_user_id_5f6f5a90; Type: INDEX; Schema: public; Owner: postgres
--

CREATE INDEX users_user_groups_user_id_5f6f5a90 ON public.users_user_groups USING btree (user_id);


--
-- Name: users_user_phone_number_aff54ffd_like; Type: INDEX; Schema: public; Owner: postgres
--

CREATE INDEX users_user_phone_number_aff54ffd_like ON public.users_user USING btree (phone_number varchar_pattern_ops);


--
-- Name: users_user_user_permissions_permission_id_0b93982e; Type: INDEX; Schema: public; Owner: postgres
--

CREATE INDEX users_user_user_permissions_permission_id_0b93982e ON public.users_user_user_permissions USING btree (permission_id);


--
-- Name: users_user_user_permissions_user_id_20aca447; Type: INDEX; Schema: public; Owner: postgres
--

CREATE INDEX users_user_user_permissions_user_id_20aca447 ON public.users_user_user_permissions USING btree (user_id);


--
-- Name: users_user_username_06e46fe6_like; Type: INDEX; Schema: public; Owner: postgres
--

CREATE INDEX users_user_username_06e46fe6_like ON public.users_user USING btree (username varchar_pattern_ops);


--
-- Name: auth_group_permissions auth_group_permissio_permission_id_84c5c92e_fk_auth_perm; Type: FK CONSTRAINT; Schema: public; Owner: postgres
--

ALTER TABLE ONLY public.auth_group_permissions
    ADD CONSTRAINT auth_group_permissio_permission_id_84c5c92e_fk_auth_perm FOREIGN KEY (permission_id) REFERENCES public.auth_permission(id) DEFERRABLE INITIALLY DEFERRED;


--
-- Name: auth_group_permissions auth_group_permissions_group_id_b120cbf9_fk_auth_group_id; Type: FK CONSTRAINT; Schema: public; Owner: postgres
--

ALTER TABLE ONLY public.auth_group_permissions
    ADD CONSTRAINT auth_group_permissions_group_id_b120cbf9_fk_auth_group_id FOREIGN KEY (group_id) REFERENCES public.auth_group(id) DEFERRABLE INITIALLY DEFERRED;


--
-- Name: auth_permission auth_permission_content_type_id_2f476e4b_fk_django_co; Type: FK CONSTRAINT; Schema: public; Owner: postgres
--

ALTER TABLE ONLY public.auth_permission
    ADD CONSTRAINT auth_permission_content_type_id_2f476e4b_fk_django_co FOREIGN KEY (content_type_id) REFERENCES public.django_content_type(id) DEFERRABLE INITIALLY DEFERRED;


--
-- Name: authtoken_token authtoken_token_user_id_35299eff_fk_users_user_id; Type: FK CONSTRAINT; Schema: public; Owner: postgres
--

ALTER TABLE ONLY public.authtoken_token
    ADD CONSTRAINT authtoken_token_user_id_35299eff_fk_users_user_id FOREIGN KEY (user_id) REFERENCES public.users_user(id) DEFERRABLE INITIALLY DEFERRED;


--
-- Name: branches_table branches_table_branch_id_5e54af6b_fk_branches_branch_id; Type: FK CONSTRAINT; Schema: public; Owner: postgres
--

ALTER TABLE ONLY public.branches_table
    ADD CONSTRAINT branches_table_branch_id_5e54af6b_fk_branches_branch_id FOREIGN KEY (branch_id) REFERENCES public.branches_branch(id) DEFERRABLE INITIALLY DEFERRED;


--
-- Name: branches_table branches_table_created_by_id_79654525_fk_users_user_id; Type: FK CONSTRAINT; Schema: public; Owner: postgres
--

ALTER TABLE ONLY public.branches_table
    ADD CONSTRAINT branches_table_created_by_id_79654525_fk_users_user_id FOREIGN KEY (created_by_id) REFERENCES public.users_user(id) DEFERRABLE INITIALLY DEFERRED;


--
-- Name: branches_table branches_table_current_order_id_f7e2ff37_fk_orders_order_id; Type: FK CONSTRAINT; Schema: public; Owner: postgres
--

ALTER TABLE ONLY public.branches_table
    ADD CONSTRAINT branches_table_current_order_id_f7e2ff37_fk_orders_order_id FOREIGN KEY (current_order_id) REFERENCES public.orders_order(id) DEFERRABLE INITIALLY DEFERRED;


--
-- Name: django_admin_log django_admin_log_content_type_id_c4bce8eb_fk_django_co; Type: FK CONSTRAINT; Schema: public; Owner: postgres
--

ALTER TABLE ONLY public.django_admin_log
    ADD CONSTRAINT django_admin_log_content_type_id_c4bce8eb_fk_django_co FOREIGN KEY (content_type_id) REFERENCES public.django_content_type(id) DEFERRABLE INITIALLY DEFERRED;


--
-- Name: django_admin_log django_admin_log_user_id_c564eba6_fk_users_user_id; Type: FK CONSTRAINT; Schema: public; Owner: postgres
--

ALTER TABLE ONLY public.django_admin_log
    ADD CONSTRAINT django_admin_log_user_id_c564eba6_fk_users_user_id FOREIGN KEY (user_id) REFERENCES public.users_user(id) DEFERRABLE INITIALLY DEFERRED;


--
-- Name: inventory_auditlog inventory_auditlog_content_type_id_36242f96_fk_django_co; Type: FK CONSTRAINT; Schema: public; Owner: postgres
--

ALTER TABLE ONLY public.inventory_auditlog
    ADD CONSTRAINT inventory_auditlog_content_type_id_36242f96_fk_django_co FOREIGN KEY (content_type_id) REFERENCES public.django_content_type(id) DEFERRABLE INITIALLY DEFERRED;


--
-- Name: inventory_auditlog inventory_auditlog_user_id_d4ea44cb_fk_users_user_id; Type: FK CONSTRAINT; Schema: public; Owner: postgres
--

ALTER TABLE ONLY public.inventory_auditlog
    ADD CONSTRAINT inventory_auditlog_user_id_d4ea44cb_fk_users_user_id FOREIGN KEY (user_id) REFERENCES public.users_user(id) DEFERRABLE INITIALLY DEFERRED;


--
-- Name: inventory_barmanstock inventory_barmanstoc_original_unit_id_3c8e45ad_fk_inventory; Type: FK CONSTRAINT; Schema: public; Owner: postgres
--

ALTER TABLE ONLY public.inventory_barmanstock
    ADD CONSTRAINT inventory_barmanstoc_original_unit_id_3c8e45ad_fk_inventory FOREIGN KEY (original_unit_id) REFERENCES public.inventory_productunit(id) DEFERRABLE INITIALLY DEFERRED;


--
-- Name: inventory_barmanstock inventory_barmanstock_bartender_id_69b96659_fk_users_user_id; Type: FK CONSTRAINT; Schema: public; Owner: postgres
--

ALTER TABLE ONLY public.inventory_barmanstock
    ADD CONSTRAINT inventory_barmanstock_bartender_id_69b96659_fk_users_user_id FOREIGN KEY (bartender_id) REFERENCES public.users_user(id) DEFERRABLE INITIALLY DEFERRED;


--
-- Name: inventory_barmanstock inventory_barmanstock_branch_id_27f895c0_fk_branches_branch_id; Type: FK CONSTRAINT; Schema: public; Owner: postgres
--

ALTER TABLE ONLY public.inventory_barmanstock
    ADD CONSTRAINT inventory_barmanstock_branch_id_27f895c0_fk_branches_branch_id FOREIGN KEY (branch_id) REFERENCES public.branches_branch(id) DEFERRABLE INITIALLY DEFERRED;


--
-- Name: inventory_barmanstock inventory_barmanstock_stock_id_951d368c_fk_inventory_stock_id; Type: FK CONSTRAINT; Schema: public; Owner: postgres
--

ALTER TABLE ONLY public.inventory_barmanstock
    ADD CONSTRAINT inventory_barmanstock_stock_id_951d368c_fk_inventory_stock_id FOREIGN KEY (stock_id) REFERENCES public.inventory_stock(id) DEFERRABLE INITIALLY DEFERRED;


--
-- Name: inventory_category inventory_category_item_type_id_f85051e6_fk_inventory; Type: FK CONSTRAINT; Schema: public; Owner: postgres
--

ALTER TABLE ONLY public.inventory_category
    ADD CONSTRAINT inventory_category_item_type_id_f85051e6_fk_inventory FOREIGN KEY (item_type_id) REFERENCES public.inventory_itemtype(id) DEFERRABLE INITIALLY DEFERRED;


--
-- Name: inventory_inventoryrequest inventory_inventoryr_branch_id_6eea1c9e_fk_branches_; Type: FK CONSTRAINT; Schema: public; Owner: postgres
--

ALTER TABLE ONLY public.inventory_inventoryrequest
    ADD CONSTRAINT inventory_inventoryr_branch_id_6eea1c9e_fk_branches_ FOREIGN KEY (branch_id) REFERENCES public.branches_branch(id) DEFERRABLE INITIALLY DEFERRED;


--
-- Name: inventory_inventoryrequest inventory_inventoryr_product_id_afa68380_fk_inventory; Type: FK CONSTRAINT; Schema: public; Owner: postgres
--

ALTER TABLE ONLY public.inventory_inventoryrequest
    ADD CONSTRAINT inventory_inventoryr_product_id_afa68380_fk_inventory FOREIGN KEY (product_id) REFERENCES public.inventory_product(id) DEFERRABLE INITIALLY DEFERRED;


--
-- Name: inventory_inventoryrequest inventory_inventoryr_request_unit_id_53b6dc81_fk_inventory; Type: FK CONSTRAINT; Schema: public; Owner: postgres
--

ALTER TABLE ONLY public.inventory_inventoryrequest
    ADD CONSTRAINT inventory_inventoryr_request_unit_id_53b6dc81_fk_inventory FOREIGN KEY (request_unit_id) REFERENCES public.inventory_productunit(id) DEFERRABLE INITIALLY DEFERRED;


--
-- Name: inventory_inventoryrequest inventory_inventoryr_requested_by_id_becffcdc_fk_users_use; Type: FK CONSTRAINT; Schema: public; Owner: postgres
--

ALTER TABLE ONLY public.inventory_inventoryrequest
    ADD CONSTRAINT inventory_inventoryr_requested_by_id_becffcdc_fk_users_use FOREIGN KEY (requested_by_id) REFERENCES public.users_user(id) DEFERRABLE INITIALLY DEFERRED;


--
-- Name: inventory_inventoryrequest inventory_inventoryr_responded_by_id_4b0e0b49_fk_users_use; Type: FK CONSTRAINT; Schema: public; Owner: postgres
--

ALTER TABLE ONLY public.inventory_inventoryrequest
    ADD CONSTRAINT inventory_inventoryr_responded_by_id_4b0e0b49_fk_users_use FOREIGN KEY (responded_by_id) REFERENCES public.users_user(id) DEFERRABLE INITIALLY DEFERRED;


--
-- Name: inventory_inventorytransaction inventory_inventoryt_branch_id_1d6a6a07_fk_branches_; Type: FK CONSTRAINT; Schema: public; Owner: postgres
--

ALTER TABLE ONLY public.inventory_inventorytransaction
    ADD CONSTRAINT inventory_inventoryt_branch_id_1d6a6a07_fk_branches_ FOREIGN KEY (branch_id) REFERENCES public.branches_branch(id) DEFERRABLE INITIALLY DEFERRED;


--
-- Name: inventory_inventorytransaction inventory_inventoryt_from_stock_barman_id_0a780b0f_fk_inventory; Type: FK CONSTRAINT; Schema: public; Owner: postgres
--

ALTER TABLE ONLY public.inventory_inventorytransaction
    ADD CONSTRAINT inventory_inventoryt_from_stock_barman_id_0a780b0f_fk_inventory FOREIGN KEY (from_stock_barman_id) REFERENCES public.inventory_barmanstock(id) DEFERRABLE INITIALLY DEFERRED;


--
-- Name: inventory_inventorytransaction inventory_inventoryt_from_stock_main_id_5f5366b3_fk_inventory; Type: FK CONSTRAINT; Schema: public; Owner: postgres
--

ALTER TABLE ONLY public.inventory_inventorytransaction
    ADD CONSTRAINT inventory_inventoryt_from_stock_main_id_5f5366b3_fk_inventory FOREIGN KEY (from_stock_main_id) REFERENCES public.inventory_stock(id) DEFERRABLE INITIALLY DEFERRED;


--
-- Name: inventory_inventorytransaction inventory_inventoryt_initiated_by_id_98b7a4ab_fk_users_use; Type: FK CONSTRAINT; Schema: public; Owner: postgres
--

ALTER TABLE ONLY public.inventory_inventorytransaction
    ADD CONSTRAINT inventory_inventoryt_initiated_by_id_98b7a4ab_fk_users_use FOREIGN KEY (initiated_by_id) REFERENCES public.users_user(id) DEFERRABLE INITIALLY DEFERRED;


--
-- Name: inventory_inventorytransaction inventory_inventoryt_product_id_189b2550_fk_inventory; Type: FK CONSTRAINT; Schema: public; Owner: postgres
--

ALTER TABLE ONLY public.inventory_inventorytransaction
    ADD CONSTRAINT inventory_inventoryt_product_id_189b2550_fk_inventory FOREIGN KEY (product_id) REFERENCES public.inventory_product(id) DEFERRABLE INITIALLY DEFERRED;


--
-- Name: inventory_inventorytransaction inventory_inventoryt_to_stock_barman_id_83de397f_fk_inventory; Type: FK CONSTRAINT; Schema: public; Owner: postgres
--

ALTER TABLE ONLY public.inventory_inventorytransaction
    ADD CONSTRAINT inventory_inventoryt_to_stock_barman_id_83de397f_fk_inventory FOREIGN KEY (to_stock_barman_id) REFERENCES public.inventory_barmanstock(id) DEFERRABLE INITIALLY DEFERRED;


--
-- Name: inventory_inventorytransaction inventory_inventoryt_to_stock_main_id_a719a040_fk_inventory; Type: FK CONSTRAINT; Schema: public; Owner: postgres
--

ALTER TABLE ONLY public.inventory_inventorytransaction
    ADD CONSTRAINT inventory_inventoryt_to_stock_main_id_a719a040_fk_inventory FOREIGN KEY (to_stock_main_id) REFERENCES public.inventory_stock(id) DEFERRABLE INITIALLY DEFERRED;


--
-- Name: inventory_inventorytransaction inventory_inventoryt_transaction_unit_id_cad72085_fk_inventory; Type: FK CONSTRAINT; Schema: public; Owner: postgres
--

ALTER TABLE ONLY public.inventory_inventorytransaction
    ADD CONSTRAINT inventory_inventoryt_transaction_unit_id_cad72085_fk_inventory FOREIGN KEY (transaction_unit_id) REFERENCES public.inventory_productunit(id) DEFERRABLE INITIALLY DEFERRED;


--
-- Name: inventory_product inventory_product_base_unit_id_a49ad020_fk_inventory; Type: FK CONSTRAINT; Schema: public; Owner: postgres
--

ALTER TABLE ONLY public.inventory_product
    ADD CONSTRAINT inventory_product_base_unit_id_a49ad020_fk_inventory FOREIGN KEY (base_unit_id) REFERENCES public.inventory_productunit(id) DEFERRABLE INITIALLY DEFERRED;


--
-- Name: inventory_product inventory_product_category_id_c907876e_fk_inventory_category_id; Type: FK CONSTRAINT; Schema: public; Owner: postgres
--

ALTER TABLE ONLY public.inventory_product
    ADD CONSTRAINT inventory_product_category_id_c907876e_fk_inventory_category_id FOREIGN KEY (category_id) REFERENCES public.inventory_category(id) DEFERRABLE INITIALLY DEFERRED;


--
-- Name: inventory_productmeasurement inventory_productmea_from_unit_id_3862dadf_fk_inventory; Type: FK CONSTRAINT; Schema: public; Owner: postgres
--

ALTER TABLE ONLY public.inventory_productmeasurement
    ADD CONSTRAINT inventory_productmea_from_unit_id_3862dadf_fk_inventory FOREIGN KEY (from_unit_id) REFERENCES public.inventory_productunit(id) DEFERRABLE INITIALLY DEFERRED;


--
-- Name: inventory_productmeasurement inventory_productmea_product_id_7dcea706_fk_inventory; Type: FK CONSTRAINT; Schema: public; Owner: postgres
--

ALTER TABLE ONLY public.inventory_productmeasurement
    ADD CONSTRAINT inventory_productmea_product_id_7dcea706_fk_inventory FOREIGN KEY (product_id) REFERENCES public.inventory_product(id) DEFERRABLE INITIALLY DEFERRED;


--
-- Name: inventory_productmeasurement inventory_productmea_to_unit_id_3fa703c8_fk_inventory; Type: FK CONSTRAINT; Schema: public; Owner: postgres
--

ALTER TABLE ONLY public.inventory_productmeasurement
    ADD CONSTRAINT inventory_productmea_to_unit_id_3fa703c8_fk_inventory FOREIGN KEY (to_unit_id) REFERENCES public.inventory_productunit(id) DEFERRABLE INITIALLY DEFERRED;


--
-- Name: inventory_stock inventory_stock_branch_id_2d90c783_fk_branches_branch_id; Type: FK CONSTRAINT; Schema: public; Owner: postgres
--

ALTER TABLE ONLY public.inventory_stock
    ADD CONSTRAINT inventory_stock_branch_id_2d90c783_fk_branches_branch_id FOREIGN KEY (branch_id) REFERENCES public.branches_branch(id) DEFERRABLE INITIALLY DEFERRED;


--
-- Name: inventory_stock inventory_stock_original_unit_id_471b8d42_fk_inventory; Type: FK CONSTRAINT; Schema: public; Owner: postgres
--

ALTER TABLE ONLY public.inventory_stock
    ADD CONSTRAINT inventory_stock_original_unit_id_471b8d42_fk_inventory FOREIGN KEY (original_unit_id) REFERENCES public.inventory_productunit(id) DEFERRABLE INITIALLY DEFERRED;


--
-- Name: inventory_stock inventory_stock_product_id_b75f69ba_fk_inventory_product_id; Type: FK CONSTRAINT; Schema: public; Owner: postgres
--

ALTER TABLE ONLY public.inventory_stock
    ADD CONSTRAINT inventory_stock_product_id_b75f69ba_fk_inventory_product_id FOREIGN KEY (product_id) REFERENCES public.inventory_product(id) DEFERRABLE INITIALLY DEFERRED;


--
-- Name: menu_menu_items menu_menu_items_menu_id_a7bb2770_fk_menu_menu_id; Type: FK CONSTRAINT; Schema: public; Owner: postgres
--

ALTER TABLE ONLY public.menu_menu_items
    ADD CONSTRAINT menu_menu_items_menu_id_a7bb2770_fk_menu_menu_id FOREIGN KEY (menu_id) REFERENCES public.menu_menu(id) DEFERRABLE INITIALLY DEFERRED;


--
-- Name: menu_menu_items menu_menu_items_menuitem_id_2b1de720_fk_menu_menuitem_id; Type: FK CONSTRAINT; Schema: public; Owner: postgres
--

ALTER TABLE ONLY public.menu_menu_items
    ADD CONSTRAINT menu_menu_items_menuitem_id_2b1de720_fk_menu_menuitem_id FOREIGN KEY (menuitem_id) REFERENCES public.menu_menuitem(id) DEFERRABLE INITIALLY DEFERRED;


--
-- Name: menu_menuitem menu_menuitem_category_id_af353a3b_fk_menu_menucategory_id; Type: FK CONSTRAINT; Schema: public; Owner: postgres
--

ALTER TABLE ONLY public.menu_menuitem
    ADD CONSTRAINT menu_menuitem_category_id_af353a3b_fk_menu_menucategory_id FOREIGN KEY (category_id) REFERENCES public.menu_menucategory(id) DEFERRABLE INITIALLY DEFERRED;


--
-- Name: menu_menuitem menu_menuitem_product_id_73523147_fk_inventory_product_id; Type: FK CONSTRAINT; Schema: public; Owner: postgres
--

ALTER TABLE ONLY public.menu_menuitem
    ADD CONSTRAINT menu_menuitem_product_id_73523147_fk_inventory_product_id FOREIGN KEY (product_id) REFERENCES public.inventory_product(id) DEFERRABLE INITIALLY DEFERRED;


--
-- Name: menu_menusection menu_menusection_menu_id_e70fecea_fk_menu_menu_id; Type: FK CONSTRAINT; Schema: public; Owner: postgres
--

ALTER TABLE ONLY public.menu_menusection
    ADD CONSTRAINT menu_menusection_menu_id_e70fecea_fk_menu_menu_id FOREIGN KEY (menu_id) REFERENCES public.menu_menu(id) DEFERRABLE INITIALLY DEFERRED;


--
-- Name: orders_order orders_order_assigned_to_id_e4866e32_fk_users_user_id; Type: FK CONSTRAINT; Schema: public; Owner: postgres
--

ALTER TABLE ONLY public.orders_order
    ADD CONSTRAINT orders_order_assigned_to_id_e4866e32_fk_users_user_id FOREIGN KEY (assigned_to_id) REFERENCES public.users_user(id) DEFERRABLE INITIALLY DEFERRED;


--
-- Name: orders_order orders_order_branch_id_c857b51d_fk_branches_branch_id; Type: FK CONSTRAINT; Schema: public; Owner: postgres
--

ALTER TABLE ONLY public.orders_order
    ADD CONSTRAINT orders_order_branch_id_c857b51d_fk_branches_branch_id FOREIGN KEY (branch_id) REFERENCES public.branches_branch(id) DEFERRABLE INITIALLY DEFERRED;


--
-- Name: orders_order orders_order_created_by_id_d5f5e69c_fk_users_user_id; Type: FK CONSTRAINT; Schema: public; Owner: postgres
--

ALTER TABLE ONLY public.orders_order
    ADD CONSTRAINT orders_order_created_by_id_d5f5e69c_fk_users_user_id FOREIGN KEY (created_by_id) REFERENCES public.users_user(id) DEFERRABLE INITIALLY DEFERRED;


--
-- Name: orders_order orders_order_table_id_14015bc1_fk_branches_table_id; Type: FK CONSTRAINT; Schema: public; Owner: postgres
--

ALTER TABLE ONLY public.orders_order
    ADD CONSTRAINT orders_order_table_id_14015bc1_fk_branches_table_id FOREIGN KEY (table_id) REFERENCES public.branches_table(id) DEFERRABLE INITIALLY DEFERRED;


--
-- Name: orders_orderitem orders_orderitem_order_id_fe61a34d_fk_orders_order_id; Type: FK CONSTRAINT; Schema: public; Owner: postgres
--

ALTER TABLE ONLY public.orders_orderitem
    ADD CONSTRAINT orders_orderitem_order_id_fe61a34d_fk_orders_order_id FOREIGN KEY (order_id) REFERENCES public.orders_order(id) DEFERRABLE INITIALLY DEFERRED;


--
-- Name: orders_orderitem orders_orderitem_product_id_afe4254a_fk_inventory_product_id; Type: FK CONSTRAINT; Schema: public; Owner: postgres
--

ALTER TABLE ONLY public.orders_orderitem
    ADD CONSTRAINT orders_orderitem_product_id_afe4254a_fk_inventory_product_id FOREIGN KEY (product_id) REFERENCES public.inventory_product(id) DEFERRABLE INITIALLY DEFERRED;


--
-- Name: orders_orderupdate orders_orderupdate_created_by_id_f02f8f9d_fk_users_user_id; Type: FK CONSTRAINT; Schema: public; Owner: postgres
--

ALTER TABLE ONLY public.orders_orderupdate
    ADD CONSTRAINT orders_orderupdate_created_by_id_f02f8f9d_fk_users_user_id FOREIGN KEY (created_by_id) REFERENCES public.users_user(id) DEFERRABLE INITIALLY DEFERRED;


--
-- Name: orders_orderupdate orders_orderupdate_original_order_id_335151ea_fk_orders_or; Type: FK CONSTRAINT; Schema: public; Owner: postgres
--

ALTER TABLE ONLY public.orders_orderupdate
    ADD CONSTRAINT orders_orderupdate_original_order_id_335151ea_fk_orders_or FOREIGN KEY (original_order_id) REFERENCES public.orders_order(id) DEFERRABLE INITIALLY DEFERRED;


--
-- Name: orders_orderupdate orders_orderupdate_processed_by_id_32904cba_fk_users_user_id; Type: FK CONSTRAINT; Schema: public; Owner: postgres
--

ALTER TABLE ONLY public.orders_orderupdate
    ADD CONSTRAINT orders_orderupdate_processed_by_id_32904cba_fk_users_user_id FOREIGN KEY (processed_by_id) REFERENCES public.users_user(id) DEFERRABLE INITIALLY DEFERRED;


--
-- Name: payments_income payments_income_branch_id_e0c17b37_fk_branches_branch_id; Type: FK CONSTRAINT; Schema: public; Owner: postgres
--

ALTER TABLE ONLY public.payments_income
    ADD CONSTRAINT payments_income_branch_id_e0c17b37_fk_branches_branch_id FOREIGN KEY (branch_id) REFERENCES public.branches_branch(id) DEFERRABLE INITIALLY DEFERRED;


--
-- Name: payments_income payments_income_cashier_id_ff6dfa34_fk_users_user_id; Type: FK CONSTRAINT; Schema: public; Owner: postgres
--

ALTER TABLE ONLY public.payments_income
    ADD CONSTRAINT payments_income_cashier_id_ff6dfa34_fk_users_user_id FOREIGN KEY (cashier_id) REFERENCES public.users_user(id) DEFERRABLE INITIALLY DEFERRED;


--
-- Name: payments_income payments_income_payment_id_40af9f9d_fk_payments_payment_id; Type: FK CONSTRAINT; Schema: public; Owner: postgres
--

ALTER TABLE ONLY public.payments_income
    ADD CONSTRAINT payments_income_payment_id_40af9f9d_fk_payments_payment_id FOREIGN KEY (payment_id) REFERENCES public.payments_payment(id) DEFERRABLE INITIALLY DEFERRED;


--
-- Name: payments_payment payments_payment_order_id_22c479b7_fk_orders_order_id; Type: FK CONSTRAINT; Schema: public; Owner: postgres
--

ALTER TABLE ONLY public.payments_payment
    ADD CONSTRAINT payments_payment_order_id_22c479b7_fk_orders_order_id FOREIGN KEY (order_id) REFERENCES public.orders_order(id) DEFERRABLE INITIALLY DEFERRED;


--
-- Name: payments_payment payments_payment_processed_by_id_75556eec_fk_users_user_id; Type: FK CONSTRAINT; Schema: public; Owner: postgres
--

ALTER TABLE ONLY public.payments_payment
    ADD CONSTRAINT payments_payment_processed_by_id_75556eec_fk_users_user_id FOREIGN KEY (processed_by_id) REFERENCES public.users_user(id) DEFERRABLE INITIALLY DEFERRED;


--
-- Name: product product_type_id_f5092b03_fk_item_type_id; Type: FK CONSTRAINT; Schema: public; Owner: postgres
--

ALTER TABLE ONLY public.product
    ADD CONSTRAINT product_type_id_f5092b03_fk_item_type_id FOREIGN KEY (type_id) REFERENCES public.item_type(id) DEFERRABLE INITIALLY DEFERRED;


--
-- Name: users_user users_user_branch_id_9b932184_fk_branches_branch_id; Type: FK CONSTRAINT; Schema: public; Owner: postgres
--

ALTER TABLE ONLY public.users_user
    ADD CONSTRAINT users_user_branch_id_9b932184_fk_branches_branch_id FOREIGN KEY (branch_id) REFERENCES public.branches_branch(id) DEFERRABLE INITIALLY DEFERRED;


--
-- Name: users_user_groups users_user_groups_group_id_9afc8d0e_fk_auth_group_id; Type: FK CONSTRAINT; Schema: public; Owner: postgres
--

ALTER TABLE ONLY public.users_user_groups
    ADD CONSTRAINT users_user_groups_group_id_9afc8d0e_fk_auth_group_id FOREIGN KEY (group_id) REFERENCES public.auth_group(id) DEFERRABLE INITIALLY DEFERRED;


--
-- Name: users_user_groups users_user_groups_user_id_5f6f5a90_fk_users_user_id; Type: FK CONSTRAINT; Schema: public; Owner: postgres
--

ALTER TABLE ONLY public.users_user_groups
    ADD CONSTRAINT users_user_groups_user_id_5f6f5a90_fk_users_user_id FOREIGN KEY (user_id) REFERENCES public.users_user(id) DEFERRABLE INITIALLY DEFERRED;


--
-- Name: users_user_user_permissions users_user_user_perm_permission_id_0b93982e_fk_auth_perm; Type: FK CONSTRAINT; Schema: public; Owner: postgres
--

ALTER TABLE ONLY public.users_user_user_permissions
    ADD CONSTRAINT users_user_user_perm_permission_id_0b93982e_fk_auth_perm FOREIGN KEY (permission_id) REFERENCES public.auth_permission(id) DEFERRABLE INITIALLY DEFERRED;


--
-- Name: users_user_user_permissions users_user_user_permissions_user_id_20aca447_fk_users_user_id; Type: FK CONSTRAINT; Schema: public; Owner: postgres
--

ALTER TABLE ONLY public.users_user_user_permissions
    ADD CONSTRAINT users_user_user_permissions_user_id_20aca447_fk_users_user_id FOREIGN KEY (user_id) REFERENCES public.users_user(id) DEFERRABLE INITIALLY DEFERRED;


--
-- PostgreSQL database dump complete
--

